{"type":"FeatureCollection","features":[{"type":"Feature","id":"cems-flood-0","geometry":{"type":"Polygon","coordinates":[[[7.105177600000046,50.53874580000007],[7.104758100000027,50.538654100000024],[7.104109558000061,50.538663038000045],[7.104018,50.53866430000005],[7.103133700000058,50.53873390000007],[7.101905228000021,50.53876875700007],[7.101996270000028,50.53883841500004],[7.102049145000024,50.53882857500008],[7.102251039000066,50.538822347000064],[7.102565264000019,50.53880843200005],[7.102729650000072,50.53880635200005],[7.102864182000076,50.53880378500003],[7.10301249500003,50.538829999000036],[7.103191616000061,50.538832918000026],[7.103424126000049,50.53880815000008],[7.103828676000035,50.53877666500006],[7.104277051000054,50.53876969000003],[7.104738637000025,50.53880576200004],[7.10524252600004,50.53890439400005],[7.105642120000027,50.53899656700003],[7.105838868000035,50.53911875400007],[7.105990646000065,50.53924496800005],[7.106216298000049,50.53939142200005],[7.106383195000034,50.53951312300006],[7.106454973000041,50.53958568100006],[7.106542059000049,50.53964897000003],[7.106650964000039,50.539726892000026],[7.106812686000069,50.539791395000066],[7.106951637000066,50.53986504600005],[7.107126573000072,50.539972598000084],[7.107511290000049,50.54025014000007],[7.108246465000036,50.540728512000044],[7.109043457000041,50.54115553000003],[7.109860147000062,50.54146387700007],[7.110657687000071,50.541690997000046],[7.112311116000058,50.54199386700002],[7.113608573000023,50.54223383200008],[7.113690550000059,50.542170664000075],[7.113611649000064,50.54215674900007],[7.112824400000023,50.542017900000076],[7.111336200000039,50.541736],[7.110902401000033,50.541645456000026],[7.110433100000023,50.541547500000036],[7.109829300000058,50.54136590000007],[7.109102600000028,50.54109420000003],[7.10870710000006,50.54090570000006],[7.108170100000052,50.540578],[7.107387200000063,50.54005840000008],[7.107255288000033,50.53996993100003],[7.10680480000002,50.53966780000008],[7.10651864600004,50.539477512000076],[7.105768100000035,50.538978400000076],[7.105177600000046,50.53874580000007]]]},"properties":{"event_type":"5-Flood","obj_desc":"Riverine flood","det_method":"Photo-interpretation","notation":"Flooded area","dmg_src_id":4,"area":0.865459430876,"evidence_source":"Copernicus EMS agency interpretation","evidence_layer":"observedEventA","source_product_id":"EMSR517_AOI15_GRA_PRODUCT_r1_RTP01_v1","observed_at":"2021-07-18T10:50:00Z","available_at":null,"product_metadata_date":"2021-07-19","timestamp_precision_note":"Product map scene time; individual feature observation times are not provided."}},{"type":"Feature","id":"cems-flood-1","geometry":{"type":"Polygon","coordinates":[[[7.106905034000023,50.53935027100004],[7.106727300000045,50.53941310000005],[7.106740810000076,50.539421796000056],[7.107119898000064,50.539665798000044],[7.107112715000027,50.53957258200006],[7.107027533000064,50.53946173000003],[7.10695689800002,50.53936063300006],[7.106905034000023,50.53935027100004]]]},"properties":{"event_type":"5-Flood","obj_desc":"Riverine flood","det_method":"Photo-interpretation","notation":"Flooded area","dmg_src_id":4,"area":0.037814033246,"evidence_source":"Copernicus EMS agency interpretation","evidence_layer":"observedEventA","source_product_id":"EMSR517_AOI15_GRA_PRODUCT_r1_RTP01_v1","observed_at":"2021-07-18T10:50:00Z","available_at":null,"product_metadata_date":"2021-07-19","timestamp_precision_note":"Product map scene time; individual feature observation times are not provided."}},{"type":"Feature","id":"cems-flood-2","geometry":{"type":"Polygon","coordinates":[[[7.089623300000029,50.53543860000008],[7.089495639000064,50.53545241100005],[7.089319485000033,50.53579219800008],[7.089118174000021,50.53633860700006],[7.088995702000034,50.53680510300006],[7.08886731900003,50.53720992600006],[7.088945341000056,50.53749677300005],[7.089064734000033,50.53759154200004],[7.089213675000053,50.53778674300003],[7.089337920000048,50.538038653000065],[7.089510100000041,50.538248500000066],[7.08985769700007,50.53835137100003],[7.090074112000025,50.538642003000064],[7.09048788900003,50.53881159700006],[7.091255024000077,50.53912605200003],[7.092280844000073,50.539507608000065],[7.09393430800003,50.53973464900008],[7.093827150000038,50.53961390900008],[7.093776379000076,50.539513244000034],[7.093548300000066,50.53949160000008],[7.093155,50.53942620000004],[7.092446100000075,50.539291],[7.091817900000025,50.539081700000054],[7.091418600000053,50.53893460000006],[7.091131500000073,50.53882670000007],[7.091040300000031,50.53875460000006],[7.09106945800005,50.53869950100005],[7.091096461000062,50.53864847500006],[7.090964861000032,50.538597271000064],[7.090640743000052,50.538532462000035],[7.090494599000067,50.53845272400008],[7.090443427000025,50.53833289900007],[7.090422164000075,50.53816597000008],[7.090329871000051,50.537908637000044],[7.090300240000032,50.53771777400004],[7.090306605000023,50.53770268200003],[7.090185600000041,50.53743220000007],[7.089938300000028,50.536982900000055],[7.089887035000062,50.53689551100007],[7.089730400000065,50.53662850000006],[7.089645400000052,50.536384500000054],[7.089436,50.53618990000007],[7.089467900000045,50.536075700000026],[7.089470022000058,50.536065956000066],[7.089499500000044,50.53593060000003],[7.089498880000066,50.535923694000076],[7.089484200000072,50.53576010000006],[7.089623300000029,50.53543860000008]]]},"properties":{"event_type":"5-Flood","obj_desc":"Riverine flood","det_method":"Photo-interpretation","notation":"Flooded area","dmg_src_id":4,"area":2.53140918417,"evidence_source":"Copernicus EMS agency interpretation","evidence_layer":"observedEventA","source_product_id":"EMSR517_AOI15_GRA_PRODUCT_r1_RTP01_v1","observed_at":"2021-07-18T10:50:00Z","available_at":null,"product_metadata_date":"2021-07-19","timestamp_precision_note":"Product map scene time; individual feature observation times are not provided."}},{"type":"Feature","id":"cems-flood-3","geometry":{"type":"Polygon","coordinates":[[[7.090768358000048,50.53368866400007],[7.09069070000004,50.53369550000008],[7.090776800000071,50.533807300000035],[7.091021500000068,50.53410280000003],[7.091028400000027,50.53433690000003],[7.090995100000043,50.534404100000074],[7.090776800000071,50.53452150000004],[7.090571985000054,50.534665070000074],[7.090572678000058,50.53467026100003],[7.090668426000036,50.53481923700008],[7.090770931000065,50.534734590000035],[7.09094746300002,50.53466252500005],[7.091039176000039,50.53461048500003],[7.091115681000076,50.534518931000036],[7.091152287000057,50.53444457000006],[7.091161916000034,50.534344780000026],[7.091160063000076,50.53425194100003],[7.091162799000073,50.53418416400007],[7.091132386000027,50.53410513500006],[7.091073412000071,50.53403991500005],[7.090999375000024,50.533931614000046],[7.090958200000046,50.53384170000004],[7.090910708000025,50.53376952900004],[7.090861345000064,50.53374373300005],[7.090768358000048,50.53368866400007]]]},"properties":{"event_type":"5-Flood","obj_desc":"Riverine flood","det_method":"Photo-interpretation","notation":"Flooded area","dmg_src_id":4,"area":0.158157438846,"evidence_source":"Copernicus EMS agency interpretation","evidence_layer":"observedEventA","source_product_id":"EMSR517_AOI15_GRA_PRODUCT_r1_RTP01_v1","observed_at":"2021-07-18T10:50:00Z","available_at":null,"product_metadata_date":"2021-07-19","timestamp_precision_note":"Product map scene time; individual feature observation times are not provided."}},{"type":"Feature","id":"cems-flood-4","geometry":{"type":"Polygon","coordinates":[[[7.090046793000056,50.53517715300006],[7.089944100000025,50.535285300000055],[7.089769200000036,50.53546950000003],[7.089663500000029,50.53566740000008],[7.089664176000042,50.53592842100005],[7.089664200000073,50.535937700000034],[7.08964960000003,50.53613820000004],[7.089704494000046,50.53621042700007],[7.089750446000039,50.53619565100007],[7.089784990000055,50.53617242000007],[7.089837726000042,50.53606857800003],[7.089942692000022,50.53593638600006],[7.090007542000023,50.53571996200003],[7.090042733000075,50.53554206100006],[7.090086291000034,50.53538809400004],[7.090100903000064,50.535257450000074],[7.090075799000032,50.535185646000066],[7.090046793000056,50.53517715300006]]]},"properties":{"event_type":"5-Flood","obj_desc":"Riverine flood","det_method":"Photo-interpretation","notation":"Flooded area","dmg_src_id":4,"area":0.197562190285,"evidence_source":"Copernicus EMS agency interpretation","evidence_layer":"observedEventA","source_product_id":"EMSR517_AOI15_GRA_PRODUCT_r1_RTP01_v1","observed_at":"2021-07-18T10:50:00Z","available_at":null,"product_metadata_date":"2021-07-19","timestamp_precision_note":"Product map scene time; individual feature observation times are not provided."}},{"type":"Feature","id":"cems-flood-5","geometry":{"type":"Polygon","coordinates":[[[7.073230100000046,50.528449600000044],[7.072251200000039,50.528527],[7.071571100000029,50.52864570000001],[7.071003100000041,50.528723200000066],[7.070122500000025,50.52897690000003],[7.069727400000033,50.52918680000005],[7.069540600000038,50.52949540000004],[7.069454500000062,50.529846700000064],[7.069426726000073,50.53003238800005],[7.069614891000072,50.52991679200006],[7.069646028000022,50.52983996700004],[7.069667837000054,50.52976298800007],[7.069716172000029,50.52972214400006],[7.06981162900007,50.529670184000054],[7.069851607000031,50.52960540400005],[7.069909996000035,50.529546879000065],[7.070013809000045,50.52951885400006],[7.070118835000073,50.52946110300008],[7.070206419000044,50.52937331500005],[7.070237554000072,50.52929649000004],[7.070261303000052,50.529171949000045],[7.070312063000075,50.52907165200003],[7.070398432000046,50.52901359100008],[7.07060629700004,50.52895159400004],[7.070879209000054,50.52889662500007],[7.071356103000029,50.52887478100007],[7.071797386000071,50.528810700000065],[7.07290888500006,50.52856138900005],[7.073230100000046,50.528449600000044]]]},"properties":{"event_type":"5-Flood","obj_desc":"Riverine flood","det_method":"Photo-interpretation","notation":"Flooded area","dmg_src_id":4,"area":0.643724637588,"evidence_source":"Copernicus EMS agency interpretation","evidence_layer":"observedEventA","source_product_id":"EMSR517_AOI15_GRA_PRODUCT_r1_RTP01_v1","observed_at":"2021-07-18T10:50:00Z","available_at":null,"product_metadata_date":"2021-07-19","timestamp_precision_note":"Product map scene time; individual feature observation times are not provided."}},{"type":"Feature","id":"cems-flood-6","geometry":{"type":"Polygon","coordinates":[[[7.088833700000066,50.53240920000008],[7.08858360000005,50.532342],[7.088268,50.53221570000005],[7.087816300000042,50.53202310000006],[7.087271500000043,50.53180310000004],[7.086871200000076,50.53176950000005],[7.086734998000055,50.531762944000036],[7.086719945000026,50.53176221900003],[7.086403800000028,50.531747],[7.086386672000059,50.53175452400007],[7.086305,50.531790400000034],[7.086193500000036,50.531839500000046],[7.08525,50.53148710000005],[7.084803800000031,50.531358400000045],[7.084776300000044,50.53131590000004],[7.084687760000065,50.531252922000085],[7.084546300000056,50.53115230000003],[7.083600800000056,50.530794900000046],[7.083009200000049,50.530648700000036],[7.082628408000062,50.53053214100004],[7.082425400000034,50.53047],[7.082103,50.53035630000005],[7.08189470000002,50.530295100000046],[7.081779483000047,50.53020506400003],[7.081749200000048,50.53018140000005],[7.081525100000022,50.53006640000007],[7.080904,50.52978410000003],[7.080472100000065,50.529606],[7.080297800000039,50.52953710000003],[7.079616500000042,50.52927680000005],[7.078724100000045,50.52887940000006],[7.078465600000072,50.52877120000006],[7.078222900000071,50.528669500000035],[7.077645,50.52850080000008],[7.076825300000053,50.528295900000046],[7.07649316800007,50.52822176400008],[7.076392503000022,50.528199294000046],[7.076343700000052,50.52818840000004],[7.075818900000058,50.52812720000003],[7.075020800000062,50.52824590000006],[7.074442900000066,50.528344600000025],[7.073930009000038,50.52840361300008],[7.074247495000065,50.52846455700006],[7.074714573000051,50.52845443600006],[7.075171598000054,50.52846199500004],[7.075517666000052,50.52844392000003],[7.075824975000046,50.52846089900004],[7.076010790000055,50.528481818000046],[7.076133009000046,50.52846004100007],[7.076218887000039,50.52841386600006],[7.076437349000059,50.528297896000026],[7.076737427000069,50.52833200600003],[7.076978238000037,50.52837763000008],[7.077374466000038,50.52850316100005],[7.077645990000065,50.528596885000056],[7.077875905000042,50.52868099800003],[7.078055246000076,50.52874642700004],[7.078249304000053,50.52879425100007],[7.07837365000006,50.52883497400007],[7.078502297000057,50.52888469200007],[7.078699933000053,50.52895934600007],[7.078897327000051,50.52903994500008],[7.079113256000028,50.52912382400007],[7.079310410000062,50.529210368000065],[7.079433913000059,50.52927189900004],[7.079543546000025,50.52933022600007],[7.079731737000032,50.52940769700007],[7.079924109000046,50.52949713500004],[7.080066389000024,50.529556],[7.080199725000056,50.52962036500003],[7.080356898000049,50.52975711900007],[7.080316934000052,50.52982190200004],[7.080328512000051,50.52988158600005],[7.080387571000074,50.52992123000007],[7.080598722000047,50.530008002000045],[7.080773650000026,50.53006740500007],[7.081009206000034,50.53012780700004],[7.081217384000069,50.53017288400008],[7.081347003000076,50.53019881800003],[7.081557675000056,50.53029747900007],[7.081737148000059,50.53035993000003],[7.082092639000051,50.53045502700007],[7.082351035000044,50.53052770100004],[7.08256231300004,50.53061149700005],[7.082797634000031,50.530677841000056],[7.083019325000067,50.53073503600007],[7.083228351000059,50.530759301000046],[7.083579666000048,50.53084242600005],[7.083771931000057,50.53093483100008],[7.083942082000021,50.530997125000056],[7.084073960000069,50.531082585000036],[7.084206320000021,50.531156155000076],[7.084404817000063,50.531209991000026],[7.084573405000071,50.53131092900003],[7.084741632000032,50.53142078400004],[7.085078120000047,50.531524484000045],[7.085624092000045,50.53175656300005],[7.085850216000039,50.53181977400004],[7.086007344000053,50.531858054000054],[7.086471945000027,50.53197333600008],[7.086560226000073,50.531867700000085],[7.086692498000048,50.53182823000002],[7.086802507000073,50.53187763200003],[7.086892177000038,50.53196834500005],[7.086989010000025,50.53211272000004],[7.08701449800003,50.53216839200008],[7.087187591000031,50.532216564000066],[7.087408814000072,50.53228564100004],[7.087561041000072,50.53232978800003],[7.087824962000069,50.53238171800007],[7.088033758000051,50.532411919000026],[7.08820942500006,50.53245347500007],[7.088297079000029,50.53247871200006],[7.088305825000019,50.53255675300005],[7.088559361000023,50.53251927200006],[7.088848046000067,50.532535910000036],[7.089068553000061,50.532622821000075],[7.089204520000067,50.53269588700005],[7.089251268000055,50.53272100900005],[7.089450718000021,50.53286706500007],[7.08958655400005,50.53297043300006],[7.089703735000058,50.533073494000064],[7.089837892000048,50.53321847800004],[7.089897452000059,50.53328387800008],[7.089980897000032,50.53337550600003],[7.090107168000031,50.53348466500006],[7.090169103000051,50.53356897100008],[7.090282782000031,50.53369521500008],[7.090426871000033,50.53382548800005],[7.090514871000038,50.53395781600006],[7.090596184000049,50.53402459200004],[7.090672953000023,50.534088319000034],[7.090698897000038,50.534139313000026],[7.090696976000062,50.534186876000035],[7.09065283900003,50.53423969600004],[7.090631541000049,50.53430478800004],[7.090642653000032,50.534376362000046],[7.090645997000024,50.53440913800006],[7.090551176000075,50.53450927700005],[7.090555953000035,50.53454504300004],[7.090607300000044,50.53451270000005],[7.090851900000075,50.53430950000006],[7.090851900000075,50.53413720000003],[7.090680900000051,50.53390490000004],[7.090525300000025,50.53366460000006],[7.090419600000075,50.533533],[7.090330300000062,50.53345540000003],[7.090184700000065,50.53332890000007],[7.090134889000068,50.53328228800007],[7.089923949000024,50.533084890000055],[7.089784400000042,50.53295430000003],[7.089445300000023,50.53271310000008],[7.088833700000066,50.53240920000008]]]},"properties":{"event_type":"5-Flood","obj_desc":"Riverine flood","det_method":"Photo-interpretation","notation":"Flooded area","dmg_src_id":4,"area":2.21709819791,"evidence_source":"Copernicus EMS agency interpretation","evidence_layer":"observedEventA","source_product_id":"EMSR517_AOI15_GRA_PRODUCT_r1_RTP01_v1","observed_at":"2021-07-18T10:50:00Z","available_at":null,"product_metadata_date":"2021-07-19","timestamp_precision_note":"Product map scene time; individual feature observation times are not provided."}},{"type":"Feature","id":"cems-flood-7","geometry":{"type":"Polygon","coordinates":[[[7.07963624200005,50.52908512600004],[7.080229800000041,50.52932050000004],[7.080527503000042,50.52944727800008],[7.080587200000025,50.52947270000004],[7.08095510000004,50.529639100000054],[7.081466200000023,50.52988650000003],[7.081550520000064,50.529930627000056],[7.082010600000046,50.53017140000003],[7.082181700000035,50.53027140000007],[7.082527600000049,50.530321300000026],[7.083475,50.53059],[7.083472248000021,50.53050398700003],[7.083422134000045,50.53045080800007],[7.08332840600002,50.530368354000075],[7.08289277700004,50.53024695400007],[7.082700502000023,50.53020095200003],[7.082471110000029,50.53014957900006],[7.082249760000025,50.530084059000046],[7.082072603000029,50.53003354600003],[7.081912492000072,50.529930960000065],[7.081671073000052,50.52980799500006],[7.081487420000031,50.52973357700005],[7.08130396100006,50.52965440200006],[7.081098117000066,50.529574858000046],[7.080899736000049,50.52949543600005],[7.080613036000044,50.52934264000004],[7.080277258000025,50.52919484600005],[7.080019186000072,50.52911443800008],[7.07963624200005,50.52908512600004]]]},"properties":{"event_type":"5-Flood","obj_desc":"Riverine flood","det_method":"Photo-interpretation","notation":"Flooded area","dmg_src_id":4,"area":0.45426051267,"evidence_source":"Copernicus EMS agency interpretation","evidence_layer":"observedEventA","source_product_id":"EMSR517_AOI15_GRA_PRODUCT_r1_RTP01_v1","observed_at":"2021-07-18T10:50:00Z","available_at":null,"product_metadata_date":"2021-07-19","timestamp_precision_note":"Product map scene time; individual feature observation times are not provided."}},{"type":"Feature","id":"cems-flood-8","geometry":{"type":"Polygon","coordinates":[[[7.068289011000047,50.53089044600006],[7.068101684000055,50.530906375000036],[7.067882566000036,50.53096937000004],[7.06773118800004,50.531019211000064],[7.06757380600004,50.53107696600006],[7.068117500000028,50.53106350000008],[7.068719,50.530967300000036],[7.068467127000076,50.530917199000044],[7.068289011000047,50.53089044600006]]]},"properties":{"event_type":"5-Flood","obj_desc":"Riverine flood","det_method":"Photo-interpretation","notation":"Flooded area","dmg_src_id":4,"area":0.082838640408,"evidence_source":"Copernicus EMS agency interpretation","evidence_layer":"observedEventA","source_product_id":"EMSR517_AOI15_GRA_PRODUCT_r1_RTP01_v1","observed_at":"2021-07-18T10:50:00Z","available_at":null,"product_metadata_date":"2021-07-19","timestamp_precision_note":"Product map scene time; individual feature observation times are not provided."}},{"type":"Feature","id":"cems-flood-9","geometry":{"type":"Polygon","coordinates":[[[7.069206500000064,50.529934],[7.069036594000067,50.52998808500007],[7.068979118000073,50.53011563700005],[7.068946646000028,50.53022302500006],[7.068996730000038,50.53041577400006],[7.06903684100007,50.53053066600006],[7.069098698000063,50.530663083000036],[7.069131800000036,50.53061370000006],[7.069196600000055,50.53031510000006],[7.069200100000046,50.53018080000004],[7.069201199000076,50.530138415000074],[7.069202690000054,50.53008091700008],[7.069206500000064,50.529934]]]},"properties":{"event_type":"5-Flood","obj_desc":"Riverine flood","det_method":"Photo-interpretation","notation":"Flooded area","dmg_src_id":4,"area":0.0965861749626,"evidence_source":"Copernicus EMS agency interpretation","evidence_layer":"observedEventA","source_product_id":"EMSR517_AOI15_GRA_PRODUCT_r1_RTP01_v1","observed_at":"2021-07-18T10:50:00Z","available_at":null,"product_metadata_date":"2021-07-19","timestamp_precision_note":"Product map scene time; individual feature observation times are not provided."}},{"type":"Feature","id":"cems-flood-10","geometry":{"type":"Polygon","coordinates":[[[7.074498089000032,50.52817579300006],[7.074418767000054,50.52814884000003],[7.074306723000063,50.528149961000054],[7.074142532000052,50.528171042000054],[7.074067795000076,50.52817278000004],[7.073964956000054,50.52817702800007],[7.073848248000047,50.52817807100007],[7.073614711000061,50.528183130000066],[7.07333478000004,50.52818147200003],[7.073011546000032,50.52821181700006],[7.072602794000034,50.52827941600004],[7.072410137000078,50.52831192100007],[7.072324861000027,50.528343230000075],[7.072310386000026,50.52835488900006],[7.072316177000062,50.52839077500005],[7.072699400000032,50.52833090000007],[7.073397200000044,50.528295900000046],[7.074374100000058,50.528194700000036],[7.074498089000032,50.52817579300006]]]},"properties":{"event_type":"5-Flood","obj_desc":"Riverine flood","det_method":"Photo-interpretation","notation":"Flooded area","dmg_src_id":4,"area":0.131752151792,"evidence_source":"Copernicus EMS agency interpretation","evidence_layer":"observedEventA","source_product_id":"EMSR517_AOI15_GRA_PRODUCT_r1_RTP01_v1","observed_at":"2021-07-18T10:50:00Z","available_at":null,"product_metadata_date":"2021-07-19","timestamp_precision_note":"Product map scene time; individual feature observation times are not provided."}},{"type":"Feature","id":"cems-flood-11","geometry":{"type":"Polygon","coordinates":[[[7.10008035200002,50.538944],[7.100191920000043,50.53895534000004],[7.100265981000064,50.53897082700008],[7.100476103000062,50.53894569900006],[7.100671871000031,50.538906059000055],[7.100751260000038,50.53889782200009],[7.100594643000022,50.53883343800005],[7.100069100000042,50.53886630000006],[7.099772014000052,50.538894130000074],[7.099808679000033,50.538979941000036],[7.099809067000024,50.53898459100003],[7.099847457000067,50.538978274000044],[7.099960555000053,50.53895156400006],[7.10008035200002,50.538944]]]},"properties":{"event_type":"5-Flood","obj_desc":"Riverine flood","det_method":"Photo-interpretation","notation":"Flooded area","dmg_src_id":4,"area":0.0653234846472,"evidence_source":"Copernicus EMS agency interpretation","evidence_layer":"observedEventA","source_product_id":"EMSR517_AOI15_GRA_PRODUCT_r1_RTP01_v1","observed_at":"2021-07-18T10:50:00Z","available_at":null,"product_metadata_date":"2021-07-19","timestamp_precision_note":"Product map scene time; individual feature observation times are not provided."}},{"type":"Feature","id":"cems-flood-12","geometry":{"type":"Polygon","coordinates":[[[7.064671885000053,50.53266158400003],[7.064984521000043,50.53268582000004],[7.065112150000061,50.53223629900003],[7.065119545000073,50.53205556300003],[7.06520019900006,50.53190936100004],[7.065379612000072,50.53172196500003],[7.065752258000032,50.53155681800007],[7.066091942000071,50.53146727300003],[7.066496450000045,50.53143591800005],[7.067123263000042,50.53144632800007],[7.067617120000024,50.531421212000055],[7.068420613000058,50.531310802000064],[7.068789555000023,50.53123601400006],[7.069099399000038,50.53117846300006],[7.069364826000027,50.531045660000075],[7.069469017000073,50.53087128900005],[7.069551707000072,50.530491905000076],[7.069589223000037,50.53016477200004],[7.069494818000067,50.53022041100007],[7.069389300000068,50.53028260000008],[7.069371600000068,50.530593700000054],[7.069300800000064,50.53080240000003],[7.069133700000066,50.53095480000007],[7.068844800000022,50.53109730000006],[7.068457600000045,50.53114730000004],[7.067997600000068,50.53120350000006],[7.067508200000021,50.53119350000003],[7.067328270000076,50.531202241000074],[7.067071800000066,50.53121470000008],[7.066943888000026,50.53121661500006],[7.066149900000028,50.531228500000054],[7.065564100000074,50.53132590000006],[7.065312500000061,50.53141210000007],[7.065066800000068,50.53160710000003],[7.064946900000052,50.53200810000005],[7.064901700000065,50.53219430000007],[7.064752300000067,50.53240420000003],[7.064259,50.532629100000065],[7.06407420000005,50.532637900000054],[7.063586700000031,50.53259790000005],[7.062975400000028,50.53247420000008],[7.062791299000025,50.53243418600005],[7.063008713000045,50.532543995000026],[7.063408167000035,50.53263631200008],[7.06368173800007,50.53270273600003],[7.063799643000038,50.53280890000008],[7.064085157000023,50.532766054000035],[7.064417001000038,50.53268590300007],[7.064671885000053,50.53266158400003]]]},"properties":{"event_type":"5-Flood","obj_desc":"Riverine flood","det_method":"Photo-interpretation","notation":"Flooded area","dmg_src_id":4,"area":1.189743646,"evidence_source":"Copernicus EMS agency interpretation","evidence_layer":"observedEventA","source_product_id":"EMSR517_AOI15_GRA_PRODUCT_r1_RTP01_v1","observed_at":"2021-07-18T10:50:00Z","available_at":null,"product_metadata_date":"2021-07-19","timestamp_precision_note":"Product map scene time; individual feature observation times are not provided."}},{"type":"Feature","id":"cems-flood-13","geometry":{"type":"Polygon","coordinates":[[[7.042511290000051,50.52854314700005],[7.042522900000052,50.528615400000035],[7.042494,50.52896920000006],[7.042435987000034,50.52929917500006],[7.042393400000038,50.52954140000002],[7.042355500000042,50.52991440000005],[7.042284800000061,50.53047880000002],[7.042289600000061,50.530678800000025],[7.042321400000048,50.530910300000066],[7.042381600000056,50.531173300000034],[7.042402400000072,50.53144470000006],[7.042404512000076,50.53144848900007],[7.042545030000042,50.53147006000006],[7.042493500000035,50.53126960000002],[7.042387400000052,50.530854800000036],[7.042445536000059,50.53047016200003],[7.042460100000028,50.530373800000056],[7.042493500000035,50.529906500000045],[7.042513518000022,50.52975324100004],[7.042534800000055,50.52959030000005],[7.042582,50.529499100000066],[7.042735300000061,50.52913550000006],[7.042746428000044,50.528720998000026],[7.042600866000043,50.52861089900006],[7.042511290000051,50.52854314700005]]]},"properties":{"event_type":"5-Flood","obj_desc":"Riverine flood","det_method":"Photo-interpretation","notation":"Flooded area","dmg_src_id":4,"area":0.358818800447,"evidence_source":"Copernicus EMS agency interpretation","evidence_layer":"observedEventA","source_product_id":"EMSR517_AOI15_GRA_PRODUCT_r1_RTP01_v1","observed_at":"2021-07-18T10:50:00Z","available_at":null,"product_metadata_date":"2021-07-19","timestamp_precision_note":"Product map scene time; individual feature observation times are not provided."}},{"type":"Feature","id":"cems-flood-14","geometry":{"type":"Polygon","coordinates":[[[7.04075290000003,50.514273400000036],[7.040498700000057,50.51413070000007],[7.040432800000077,50.514102],[7.040089300000033,50.513958400000035],[7.039807100000075,50.513910800000076],[7.03909660000005,50.513844],[7.038726300000063,50.51385330000006],[7.038223400000049,50.51388810000003],[7.037636400000054,50.51397510000004],[7.037308200000041,50.51407270000004],[7.036725300000058,50.51417040000007],[7.036411800000053,50.51423870000008],[7.036242188000073,50.51422183500006],[7.036182500000052,50.514215900000075],[7.036092,50.51421860000005],[7.035370300000068,50.51441660000006],[7.034798,50.51455170000002],[7.03445771500003,50.51467054200003],[7.034284600000035,50.514731],[7.033899600000041,50.51482070000003],[7.033270500000071,50.51492630000007],[7.032498300000042,50.51505340000006],[7.032106900000031,50.515098900000055],[7.031575600000052,50.51516060000005],[7.030808600000056,50.515376800000084],[7.030671527000038,50.515425702000066],[7.03086202700007,50.51544533000003],[7.031370483000046,50.51533494500006],[7.03215965100003,50.51520550600002],[7.032778261000034,50.51513862300004],[7.033020348000036,50.51515028100005],[7.03348520000003,50.51504690000007],[7.034537173000047,50.51475555400003],[7.034793,50.514684700000025],[7.035535925000034,50.514491160000034],[7.035765700000069,50.51443130000007],[7.03625420000003,50.514347100000066],[7.036356800000021,50.51434390000002],[7.036749500000041,50.514399300000036],[7.036777485000073,50.51434612800006],[7.036907193000047,50.514323329000035],[7.037063689000036,50.51432953800003],[7.037452931000075,50.51439321600003],[7.037728600000036,50.51440560000003],[7.037841140000069,50.51448186200008],[7.037955665000027,50.51455518500006],[7.038188709000052,50.514605518000046],[7.038395557000058,50.51461257400007],[7.038773171000059,50.514686761000064],[7.039070944000058,50.51475127100009],[7.039319042000045,50.51488871600003],[7.03954907000002,50.51510200800005],[7.039664028000061,50.51557037200007],[7.039991740000063,50.51630885000003],[7.040013697000063,50.51649959800005],[7.039971249000075,50.51680349000003],[7.039962185000036,50.51702227200008],[7.040041456000039,50.51727110000007],[7.040181981000045,50.51748288300007],[7.040451268000027,50.51783009800005],[7.04088082000004,50.51796060400005],[7.040881700000057,50.517782200000056],[7.040885700000047,50.51725090000008],[7.040979100000072,50.516785],[7.040982478000046,50.51674396700008],[7.04101090000006,50.51639870000009],[7.04101460000004,50.51605520000004],[7.041005300000052,50.51580790000002],[7.041065100000026,50.51559160000005],[7.041156700000045,50.51540730000005],[7.041186600000059,50.51518860000005],[7.04119780000002,50.514936600000055],[7.041117500000041,50.51469890000004],[7.040969800000027,50.51443860000007],[7.04075290000003,50.514273400000036]]]},"properties":{"event_type":"5-Flood","obj_desc":"Riverine flood","det_method":"Photo-interpretation","notation":"Flooded area","dmg_src_id":4,"area":5.54314961608,"evidence_source":"Copernicus EMS agency interpretation","evidence_layer":"observedEventA","source_product_id":"EMSR517_AOI15_GRA_PRODUCT_r1_RTP01_v1","observed_at":"2021-07-18T10:50:00Z","available_at":null,"product_metadata_date":"2021-07-19","timestamp_precision_note":"Product map scene time; individual feature observation times are not provided."}},{"type":"Feature","id":"cems-flood-15","geometry":{"type":"Polygon","coordinates":[[[7.041358600000024,50.51546920000004],[7.041237100000045,50.515658200000075],[7.041160500000046,50.51574970000007],[7.041132400000038,50.515905400000065],[7.041151100000037,50.51621210000008],[7.041162300000053,50.51641180000007],[7.041184800000053,50.51674580000008],[7.041194100000041,50.516981100000066],[7.041179041000022,50.517038322000076],[7.04111370000004,50.517286600000034],[7.041108420000058,50.51739988600008],[7.041098800000043,50.51760630000007],[7.04110380000003,50.517743400000036],[7.041073187000051,50.51818371200005],[7.041054700000075,50.518449600000054],[7.041031100000055,50.51882950000004],[7.041048800000055,50.51909070000005],[7.041072158000078,50.51915075900007],[7.041147,50.51934320000004],[7.041293824000036,50.519529870000035],[7.041327983000031,50.519573299000044],[7.041325080000036,50.51921688900006],[7.041377520000025,50.51903215200008],[7.04143485900005,50.518909371000056],[7.041452732000039,50.51883828000007],[7.041455883000027,50.51876218100005],[7.041451967000057,50.51867644500004],[7.041448642000034,50.51857644000006],[7.041454155000054,50.518443268000055],[7.041453586000046,50.518276677000074],[7.041461856000069,50.51807691900006],[7.041443020000032,50.51799093100004],[7.041406925000048,50.517780907000024],[7.041390452000031,50.51763784600007],[7.041463497000052,50.51749629100004],[7.041465860000073,50.51743921700006],[7.041453741000055,50.51701066100003],[7.041410186000064,50.51680051200003],[7.041442387000076,50.516743940000026],[7.04150383600006,50.516702139000074],[7.041688629000021,50.51669603200003],[7.041768467000054,50.516620921000026],[7.041707650000034,50.51628673500005],[7.041624829000057,50.516123520000065],[7.04159265000004,50.51599923200008],[7.041598359000033,50.51586130400006],[7.041548308000074,50.51580810700006],[7.041441243000065,50.51578746900003],[7.04141081800003,50.515493062000075],[7.041358600000024,50.51546920000004]]]},"properties":{"event_type":"5-Flood","obj_desc":"Riverine flood","det_method":"Photo-interpretation","notation":"Flooded area","dmg_src_id":4,"area":1.12591844914,"evidence_source":"Copernicus EMS agency interpretation","evidence_layer":"observedEventA","source_product_id":"EMSR517_AOI15_GRA_PRODUCT_r1_RTP01_v1","observed_at":"2021-07-18T10:50:00Z","available_at":null,"product_metadata_date":"2021-07-19","timestamp_precision_note":"Product map scene time; individual feature observation times are not provided."}},{"type":"Feature","id":"cems-flood-16","geometry":{"type":"Polygon","coordinates":[[[7.036364100000072,50.513908],[7.036586500000056,50.51392160000006],[7.03682420000007,50.51390680000002],[7.037317671000039,50.51388758000007],[7.037296002000062,50.513834273000036],[7.03723005300003,50.513804604000036],[7.037175441000046,50.51377155700004],[7.037148653000031,50.51374254800004],[7.037128199000051,50.51369579800007],[7.037124233000043,50.51365646600004],[7.037126452000051,50.51360295900008],[7.03710703400003,50.51353124000008],[7.037049077000064,50.51330894700004],[7.036963712000044,50.51320755800004],[7.036836375000063,50.51317328400006],[7.036752756000055,50.51316473400005],[7.036677050000036,50.51318246900008],[7.03673630000003,50.51325860000002],[7.036678965000022,50.51332412100004],[7.036676597000053,50.51338119500008],[7.036712501000068,50.51346033200008],[7.036732066000069,50.51352848500005],[7.036843035000061,50.51368741900007],[7.036830219000024,50.513726469000055],[7.036749382000039,50.513785788000064],[7.036614525000061,50.51379779200005],[7.036523,50.513791400000066],[7.036236921000068,50.51372359900006],[7.036092800000064,50.51368904000003],[7.035974727000052,50.513701326000046],[7.035878600000046,50.51376940000006],[7.035892228000023,50.51393552800005],[7.035951545000045,50.51399007300006],[7.036092,50.514043300000026],[7.036155600000028,50.51391410000008],[7.036202772000024,50.513912720000064],[7.036364100000072,50.513908]]]},"properties":{"event_type":"5-Flood","obj_desc":"Riverine flood","det_method":"Photo-interpretation","notation":"Flooded area","dmg_src_id":4,"area":0.341604279989,"evidence_source":"Copernicus EMS agency interpretation","evidence_layer":"observedEventA","source_product_id":"EMSR517_AOI15_GRA_PRODUCT_r1_RTP01_v1","observed_at":"2021-07-18T10:50:00Z","available_at":null,"product_metadata_date":"2021-07-19","timestamp_precision_note":"Product map scene time; individual feature observation times are not provided."}},{"type":"Feature","id":"cems-flood-17","geometry":{"type":"Polygon","coordinates":[[[7.030778261000023,50.515175716000044],[7.030459132000033,50.51521258500002],[7.030214950000072,50.51525899300003],[7.030102168000042,50.51527850200006],[7.029972158000021,50.515308428000026],[7.02986833700004,50.515381632000064],[7.029771893000031,50.51541212600006],[7.029636139000047,50.51544552400003],[7.029489939000029,50.515460897000025],[7.029387157000031,50.515509131000044],[7.029264769000065,50.515624856000045],[7.029058936000069,50.51589225200007],[7.029285400000049,50.51579730000003],[7.029397247000077,50.51575203500005],[7.029702,50.515628700000036],[7.030392100000029,50.51539330000003],[7.030573100000027,50.515309],[7.030988981000064,50.515187585000035],[7.030778261000023,50.515175716000044]]]},"properties":{"event_type":"5-Flood","obj_desc":"Riverine flood","det_method":"Photo-interpretation","notation":"Flooded area","dmg_src_id":4,"area":0.242595855683,"evidence_source":"Copernicus EMS agency interpretation","evidence_layer":"observedEventA","source_product_id":"EMSR517_AOI15_GRA_PRODUCT_r1_RTP01_v1","observed_at":"2021-07-18T10:50:00Z","available_at":null,"product_metadata_date":"2021-07-19","timestamp_precision_note":"Product map scene time; individual feature observation times are not provided."}},{"type":"Feature","id":"cems-flood-18","geometry":{"type":"Polygon","coordinates":[[[7.029814544000033,50.51573143300004],[7.029476300000056,50.515852100000075],[7.028831500000025,50.51623470000005],[7.028303100000073,50.51657780000005],[7.027888200000064,50.516772],[7.027771185000062,50.516875214000045],[7.02757280000003,50.51705020000002],[7.027251400000067,50.51738310000008],[7.027036600000031,50.51751820000004],[7.026770106000071,50.51768574400007],[7.026718800000026,50.517718],[7.026751500000045,50.517799400000065],[7.026816475000033,50.517927619000034],[7.026837800000067,50.51796970000003],[7.026711324000074,50.518087394000084],[7.026672206000058,50.51812379600006],[7.026388500000052,50.51838780000003],[7.026177300000029,50.518894800000055],[7.026134247000074,50.519018981000045],[7.026058379000062,50.519237813000075],[7.026022500000067,50.519341300000065],[7.02586180000003,50.51953240000006],[7.025623800000061,50.51986540000007],[7.025447894000024,50.52014086300005],[7.025385800000038,50.52023810000003],[7.025406600000053,50.520351600000026],[7.025543500000026,50.52044620000004],[7.025554660000069,50.52045185900005],[7.025763600000062,50.52055780000006],[7.025980900000036,50.520798100000036],[7.026093622000076,50.52101785800006],[7.026132159000042,50.52078387000006],[7.026136053000073,50.52063686900004],[7.026125566000077,50.52051246900004],[7.026124785000037,50.520324549000065],[7.026042681000035,50.52030997300005],[7.025898340000027,50.52025655600005],[7.025840505000075,50.520235152000055],[7.025740657000028,50.52016801600008],[7.025745868000057,50.52004316800003],[7.025883862000057,50.51986702800008],[7.026059651000025,50.51967963100003],[7.026014243000078,50.51959319200006],[7.026250314000039,50.51904390700008],[7.026303619000033,50.51891987500006],[7.026555341000062,50.51847794200006],[7.026595616000065,50.51840723300006],[7.026732114000026,50.51826676300005],[7.026885030000073,50.51818011600005],[7.027086800000064,50.518108100000056],[7.027084913000066,50.51788421400005],[7.027189362000058,50.517748809000075],[7.027300963000074,50.51760413100004],[7.027343962000032,50.51746802500003],[7.027459080000027,50.51739263400003],[7.027688323000064,50.51726563400007],[7.027957093000055,50.51708575800006],[7.028109259000075,50.517016944000034],[7.028218023000022,50.51687005400004],[7.028706205000048,50.51657490700006],[7.029090849000057,50.51634530800004],[7.029184562000069,50.51629149000007],[7.02937724000003,50.516146019000075],[7.029573878000066,50.51590542500003],[7.029814544000033,50.51573143300004]]]},"properties":{"event_type":"5-Flood","obj_desc":"Riverine flood","det_method":"Photo-interpretation","notation":"Flooded area","dmg_src_id":4,"area":1.21823269402,"evidence_source":"Copernicus EMS agency interpretation","evidence_layer":"observedEventA","source_product_id":"EMSR517_AOI15_GRA_PRODUCT_r1_RTP01_v1","observed_at":"2021-07-18T10:50:00Z","available_at":null,"product_metadata_date":"2021-07-19","timestamp_precision_note":"Product map scene time; individual feature observation times are not provided."}},{"type":"Feature","id":"cems-flood-19","geometry":{"type":"Polygon","coordinates":[[[7.026373400000067,50.522353900000034],[7.026331300000039,50.522014100000035],[7.026167200000032,50.52167970000005],[7.02602410000003,50.52130510000006],[7.025826400000028,50.52098940000007],[7.025533900000028,50.52084490000004],[7.025461299000027,50.520787744000074],[7.025346058000025,50.52088225500007],[7.025364865000028,50.52096824500006],[7.025461707000034,50.52106269700005],[7.025713131000032,50.52120974600007],[7.026161871000056,50.52199553100007],[7.026199489000021,50.52216751000003],[7.026161154000023,50.52228108700007],[7.02606954500004,50.52232950800004],[7.025775312000064,50.52240304900005],[7.025335898000037,50.52246698700004],[7.024836139000058,50.52242203700006],[7.025342400000055,50.52255720000005],[7.025754800000072,50.52265620000002],[7.02600940000002,50.52265490000009],[7.026213500000041,50.52256390000007],[7.026373400000067,50.522353900000034]]]},"properties":{"event_type":"5-Flood","obj_desc":"Riverine flood","det_method":"Photo-interpretation","notation":"Flooded area","dmg_src_id":4,"area":0.4673760198,"evidence_source":"Copernicus EMS agency interpretation","evidence_layer":"observedEventA","source_product_id":"EMSR517_AOI15_GRA_PRODUCT_r1_RTP01_v1","observed_at":"2021-07-18T10:50:00Z","available_at":null,"product_metadata_date":"2021-07-19","timestamp_precision_note":"Product map scene time; individual feature observation times are not provided."}},{"type":"Feature","id":"cems-flood-20","geometry":{"type":"Polygon","coordinates":[[[7.020941329000039,50.52006073300004],[7.020789100000059,50.52022850000004],[7.020650400000022,50.52042890000007],[7.020362100000056,50.520795400000054],[7.020305300000076,50.520990700000034],[7.020304195000051,50.52108923900005],[7.020564363000062,50.52115085200007],[7.020684771000049,50.521217153000066],[7.020872022000049,50.52129172900004],[7.021050173000049,50.521316176000035],[7.021208928000021,50.52126890100004],[7.021210121000024,50.52124036400006],[7.02118013100005,50.52115418400007],[7.02096408400007,50.520964891000055],[7.020817568000041,50.52071966600005],[7.020838011000023,50.52049869800003],[7.020960657000045,50.52024377200007],[7.02100899900006,50.520158923000054],[7.020941329000039,50.52006073300004]]]},"properties":{"event_type":"5-Flood","obj_desc":"Riverine flood","det_method":"Photo-interpretation","notation":"Flooded area","dmg_src_id":4,"area":0.381662903546,"evidence_source":"Copernicus EMS agency interpretation","evidence_layer":"observedEventA","source_product_id":"EMSR517_AOI15_GRA_PRODUCT_r1_RTP01_v1","observed_at":"2021-07-18T10:50:00Z","available_at":null,"product_metadata_date":"2021-07-19","timestamp_precision_note":"Product map scene time; individual feature observation times are not provided."}},{"type":"Feature","id":"cems-flood-21","geometry":{"type":"Polygon","coordinates":[[[7.026452400000038,50.522686200000074],[7.02643320000004,50.52261230000005],[7.026242700000068,50.52269370000005],[7.025989800000048,50.52274480000005],[7.025674400000071,50.522742900000026],[7.024826300000029,50.522534800000074],[7.024243100000035,50.522374],[7.023442700000032,50.52213750000004],[7.022937525000031,50.52199780800004],[7.022779100000037,50.521954],[7.02221970000005,50.52194640000005],[7.021846571000025,50.52190738000007],[7.021767400000043,50.52189910000004],[7.021398500000033,50.52186510000007],[7.020880700000022,50.52182060000007],[7.020608500000037,50.52179410000008],[7.020406100000058,50.52177620000004],[7.020258800000022,50.52173830000004],[7.020191900000042,50.521688200000035],[7.020122,50.52163140000005],[7.02008920000003,50.52157],[7.020144300000026,50.521474400000045],[7.020135300000049,50.521137700000054],[7.020147200000054,50.520975],[7.020050708000043,50.520994349000034],[7.019987043000072,50.521177695000056],[7.019978084000059,50.521391719000064],[7.020022092000033,50.52167803700007],[7.020094456000038,50.52173281200004],[7.020296380000048,50.52181358800004],[7.020601383000042,50.52188421800008],[7.021428612000022,50.52196372600009],[7.02195819700006,50.522066950000074],[7.022164901000053,50.52212281700008],[7.022387520000052,50.52215515700004],[7.022490971000025,50.522180712000086],[7.022651522000046,50.52226911000008],[7.022753979000071,50.52231844500005],[7.022939298000041,50.52235015000008],[7.023169975000029,50.522368347000054],[7.023394981000024,50.522343611000046],[7.023749108000061,50.52244481400004],[7.02561834100004,50.52291440900007],[7.025886523000053,50.52292847700005],[7.026171810000052,50.52289048000005],[7.026383285000066,50.52283219300005],[7.026460867000027,50.52276211700007],[7.026452400000038,50.522686200000074]]]},"properties":{"event_type":"5-Flood","obj_desc":"Riverine flood","det_method":"Photo-interpretation","notation":"Flooded area","dmg_src_id":4,"area":0.975069104552,"evidence_source":"Copernicus EMS agency interpretation","evidence_layer":"observedEventA","source_product_id":"EMSR517_AOI15_GRA_PRODUCT_r1_RTP01_v1","observed_at":"2021-07-18T10:50:00Z","available_at":null,"product_metadata_date":"2021-07-19","timestamp_precision_note":"Product map scene time; individual feature observation times are not provided."}},{"type":"Feature","id":"cems-flood-22","geometry":{"type":"Polygon","coordinates":[[[7.015994431000024,50.513651107000044],[7.015837152000073,50.51312964200008],[7.015935269000067,50.51307000600008],[7.015793400000064,50.51276290000004],[7.015669900000034,50.51257860000004],[7.015515400000027,50.51237940000004],[7.015348375000031,50.512205478000055],[7.015224800000055,50.512076800000045],[7.015049600000054,50.51193480000006],[7.014859800000068,50.51181330000002],[7.014494600000035,50.51160760000005],[7.014091800000074,50.51141910000007],[7.013630500000033,50.511262600000066],[7.013152300000058,50.51115170000003],[7.013131420000036,50.51114844900007],[7.01309836300004,50.51126111700006],[7.013664800000072,50.51139870000003],[7.014505700000029,50.51173360000007],[7.014901700000053,50.51198540000007],[7.015178781000031,50.51219983500004],[7.015240500000061,50.51224760000008],[7.015550700000063,50.51266810000004],[7.015608848000057,50.51282578900003],[7.015689500000065,50.513044500000035],[7.015677300000049,50.51330410000003],[7.015505800000028,50.513709],[7.015395355000067,50.51393160700007],[7.015394112000024,50.513934111000026],[7.015602053000067,50.51392998700004],[7.015698023000027,50.51395542000006],[7.015763360000052,50.51399937000008],[7.015838031000044,50.514176743000064],[7.015888450000034,50.514220438000045],[7.015978956000026,50.514198184000065],[7.016020240000046,50.514103698000035],[7.015994431000024,50.513651107000044]]]},"properties":{"event_type":"5-Flood","obj_desc":"Riverine flood","det_method":"Photo-interpretation","notation":"Flooded area","dmg_src_id":4,"area":0.659906673496,"evidence_source":"Copernicus EMS agency interpretation","evidence_layer":"observedEventA","source_product_id":"EMSR517_AOI15_GRA_PRODUCT_r1_RTP01_v1","observed_at":"2021-07-18T10:50:00Z","available_at":null,"product_metadata_date":"2021-07-19","timestamp_precision_note":"Product map scene time; individual feature observation times are not provided."}},{"type":"Feature","id":"cems-flood-23","geometry":{"type":"Polygon","coordinates":[[[7.012597967000033,50.51132348400006],[7.012597848000042,50.511326498000074],[7.012634611000067,50.51151750500003],[7.01262196700003,50.51159943700002],[7.012842900000066,50.51160670000007],[7.013050600000041,50.51165380000003],[7.013131300000055,50.511713300000046],[7.013424650000048,50.51174393300005],[7.013640122000027,50.51181186300005],[7.01390609200007,50.51187708600002],[7.014319659000023,50.51202692800007],[7.014489783000045,50.51210836200005],[7.014656614000047,50.51226827100004],[7.01480801200006,50.51239579000002],[7.014937482000049,50.51251222600007],[7.015107035000028,50.51300772400003],[7.015194206000047,50.51319840000008],[7.015241562000028,50.513270600000055],[7.015294960000062,50.51333219400004],[7.015376003000029,50.513386985000075],[7.015362900000071,50.51287060000004],[7.01528090000005,50.51273160000005],[7.015179200000035,50.51255910000003],[7.015013425000062,50.51241377800005],[7.014768171000071,50.51219878100005],[7.014726100000074,50.51216190000008],[7.01389340000003,50.51167910000004],[7.013260700000045,50.511450600000046],[7.012597967000033,50.51132348400006]]]},"properties":{"event_type":"5-Flood","obj_desc":"Riverine flood","det_method":"Photo-interpretation","notation":"Flooded area","dmg_src_id":4,"area":0.519901583828,"evidence_source":"Copernicus EMS agency interpretation","evidence_layer":"observedEventA","source_product_id":"EMSR517_AOI15_GRA_PRODUCT_r1_RTP01_v1","observed_at":"2021-07-18T10:50:00Z","available_at":null,"product_metadata_date":"2021-07-19","timestamp_precision_note":"Product map scene time; individual feature observation times are not provided."}},{"type":"Feature","id":"cems-flood-24","geometry":{"type":"Polygon","coordinates":[[[7.009513628000036,50.51191764600002],[7.008733600000028,50.51241370000008],[7.008468300000061,50.51282620000006],[7.008326416000046,50.513135439000045],[7.00862120000005,50.51302640000006],[7.008758500000055,50.51283540000004],[7.009033200000033,50.51270990000006],[7.009143937000033,50.51267388600007],[7.009150336000061,50.512569247000044],[7.009296942000049,50.51241112200006],[7.009393179000029,50.512341376000045],[7.009583400000054,50.512255389000075],[7.009754223000073,50.512186918000054],[7.009939272000054,50.51203669900008],[7.009762594000051,50.51201100800006],[7.009556150000037,50.51195036300004],[7.009513628000036,50.51191764600002]]]},"properties":{"event_type":"5-Flood","obj_desc":"Riverine flood","det_method":"Photo-interpretation","notation":"Flooded area","dmg_src_id":4,"area":0.419872979581,"evidence_source":"Copernicus EMS agency interpretation","evidence_layer":"observedEventA","source_product_id":"EMSR517_AOI15_GRA_PRODUCT_r1_RTP01_v1","observed_at":"2021-07-18T10:50:00Z","available_at":null,"product_metadata_date":"2021-07-19","timestamp_precision_note":"Product map scene time; individual feature observation times are not provided."}},{"type":"Feature","id":"cems-flood-25","geometry":{"type":"Polygon","coordinates":[[[7.011782900000072,50.51511850000003],[7.011774849000062,50.51521427200004],[7.012094972000058,50.515485814000044],[7.012641503000054,50.515980616000036],[7.012769971000068,50.516135818000066],[7.01279,50.51604130000005],[7.01269730000007,50.51588940000005],[7.012432,50.51557540000005],[7.012252711000031,50.515449180000076],[7.012092800000063,50.51533660000007],[7.011782900000072,50.51511850000003]]]},"properties":{"event_type":"5-Flood","obj_desc":"Riverine flood","det_method":"Photo-interpretation","notation":"Flooded area","dmg_src_id":4,"area":0.126358502311,"evidence_source":"Copernicus EMS agency interpretation","evidence_layer":"observedEventA","source_product_id":"EMSR517_AOI15_GRA_PRODUCT_r1_RTP01_v1","observed_at":"2021-07-18T10:50:00Z","available_at":null,"product_metadata_date":"2021-07-19","timestamp_precision_note":"Product map scene time; individual feature observation times are not provided."}},{"type":"Feature","id":"cems-flood-26","geometry":{"type":"Polygon","coordinates":[[[7.012964700000055,50.51613450000008],[7.012821800000041,50.516392800000055],[7.012595300000044,50.51656410000003],[7.012199930000065,50.516831240000045],[7.012169500000026,50.51685180000004],[7.012038700000063,50.516937100000064],[7.011532300000056,50.51721010000006],[7.010930676000044,50.51742005600005],[7.010917493000022,50.51742465700005],[7.010469200000046,50.51758110000003],[7.010425200000043,50.51759498900003],[7.01032189700004,50.51770339700005],[7.010202917000073,50.517815831000064],[7.011115300000029,50.517508400000054],[7.011764464000066,50.51728401300005],[7.01199710000003,50.517203600000066],[7.012316,50.517080700000065],[7.012507300000038,50.516995500000064],[7.012704100000064,50.516893],[7.012936400000058,50.51673990000006],[7.013094500000022,50.51661030000008],[7.012997200000029,50.516488],[7.013106300000061,50.516393900000025],[7.013084165000066,50.516252989000066],[7.013074600000039,50.51619210000007],[7.012964700000055,50.51613450000008]]]},"properties":{"event_type":"5-Flood","obj_desc":"Riverine flood","det_method":"Photo-interpretation","notation":"Flooded area","dmg_src_id":4,"area":0.538901540792,"evidence_source":"Copernicus EMS agency interpretation","evidence_layer":"observedEventA","source_product_id":"EMSR517_AOI15_GRA_PRODUCT_r1_RTP01_v1","observed_at":"2021-07-18T10:50:00Z","available_at":null,"product_metadata_date":"2021-07-19","timestamp_precision_note":"Product map scene time; individual feature observation times are not provided."}},{"type":"Feature","id":"cems-flood-27","geometry":{"type":"Polygon","coordinates":[[[7.002914477000047,50.51986166000006],[7.003731489000075,50.51975373100004],[7.003580052000075,50.519651844000066],[7.00345257500004,50.51956388200006],[7.00321770000005,50.519634600000074],[7.00299541100003,50.51967861900005],[7.002449100000036,50.51978680000008],[7.001512500000047,50.52001870000004],[7.000929800000051,50.52007550000008],[7.000508,50.52002780000004],[7.000123323000026,50.51989125700004],[7.000014700000064,50.51985270000006],[6.999710800000059,50.51964360000005],[6.999658199000067,50.51962131000005],[6.999131700000021,50.51939820000007],[6.99835950000005,50.519084500000076],[6.99780590000006,50.51883920000006],[6.997370057000069,50.518597028000045],[6.997168800000054,50.51848520000004],[6.996612100000049,50.51805880000006],[6.996390700000063,50.51770270000004],[6.996300200000063,50.51741480000004],[6.996300571000063,50.51729677700007],[6.996178782000073,50.517351864000034],[6.996237665000024,50.51772411800005],[6.996367916000054,50.51799765100003],[6.99661087000004,50.51825408700005],[6.997149300000046,50.51867267000006],[6.997766872000057,50.51907357400006],[6.998320939000052,50.51938771200008],[6.998467520000077,50.519452106000074],[6.99865570000003,50.51947340000003],[6.998761300000069,50.51945550000005],[6.998849300000075,50.51946830000003],[6.99894770000003,50.519502400000086],[6.999351300000058,50.519700500000056],[6.999375400000076,50.519724300000064],[6.999655086000074,50.51979140800006],[6.999904903000072,50.51988613200007],[6.999977491000038,50.51993497400008],[7.000103209000029,50.520044278000064],[7.000392255000065,50.520189594000044],[7.000703163000026,50.52025204900008],[7.000904382000044,50.52026026500005],[7.001159630000075,50.52022657300006],[7.002914477000047,50.51986166000006]]]},"properties":{"event_type":"5-Flood","obj_desc":"Riverine flood","det_method":"Photo-interpretation","notation":"Flooded area","dmg_src_id":4,"area":1.19116257666,"evidence_source":"Copernicus EMS agency interpretation","evidence_layer":"observedEventA","source_product_id":"EMSR517_AOI15_GRA_PRODUCT_r1_RTP01_v1","observed_at":"2021-07-18T10:50:00Z","available_at":null,"product_metadata_date":"2021-07-19","timestamp_precision_note":"Product map scene time; individual feature observation times are not provided."}},{"type":"Feature","id":"cems-flood-28","geometry":{"type":"Polygon","coordinates":[[[6.998672730000067,50.517045342000074],[6.998790919000043,50.517008703000045],[6.99887697500003,50.51695961300004],[6.998926111000059,50.51690096500005],[6.998941100000025,50.51673460000006],[6.998821100000043,50.51683620000006],[6.998659400000065,50.51691050000005],[6.998131200000046,50.51705020000003],[6.998021602000051,50.51704516000008],[6.997574500000042,50.51702460000007],[6.996993639000039,50.51699351700005],[6.996856900000069,50.51698620000007],[6.996740784000053,50.51702704200005],[6.996541600000056,50.51709710000006],[6.996488,50.51725060000006],[6.996477900000059,50.51733880000006],[6.996465800000068,50.51743080000006],[6.996474800000043,50.517622],[6.996594500000072,50.51778940000003],[6.996733500000062,50.51799450000004],[6.996871400000032,50.518127400000026],[6.996926358000053,50.518071311000035],[6.996938073000023,50.518014993000065],[6.996940465000023,50.51795851600008],[6.996911227000054,50.51787769600003],[6.996903029000065,50.517740719000074],[6.99694813600007,50.517667129000074],[6.997078163000026,50.517461139000034],[6.997172300000045,50.51729990000006],[6.997448603000067,50.51719681700007],[6.997968300000025,50.51715180000007],[6.998456383000076,50.517086242000055],[6.998672730000067,50.517045342000074]]]},"properties":{"event_type":"5-Flood","obj_desc":"Riverine flood","det_method":"Photo-interpretation","notation":"Flooded area","dmg_src_id":4,"area":0.60807975397,"evidence_source":"Copernicus EMS agency interpretation","evidence_layer":"observedEventA","source_product_id":"EMSR517_AOI15_GRA_PRODUCT_r1_RTP01_v1","observed_at":"2021-07-18T10:50:00Z","available_at":null,"product_metadata_date":"2021-07-19","timestamp_precision_note":"Product map scene time; individual feature observation times are not provided."}},{"type":"Feature","id":"cems-flood-29","geometry":{"type":"Polygon","coordinates":[[[6.995043900000042,50.511201300000046],[6.994885638000029,50.51131081500006],[6.994680475000052,50.51144582400008],[6.994421191000072,50.51152650900008],[6.994275446000074,50.511619187000065],[6.994051283000033,50.51180094400007],[6.993807163000042,50.511925242000075],[6.993386400000078,50.51212750000008],[6.993252600000062,50.51217690000004],[6.993047500000046,50.51227],[6.992943552000042,50.51232569600006],[6.992920630000072,50.512424526000075],[6.992949334000059,50.51241483000007],[6.993286900000044,50.51230080000005],[6.993656200000031,50.51217480000008],[6.993759,50.512036100000046],[6.993945,50.51199190000005],[6.994056700000044,50.51196230000005],[6.994106800000055,50.51194390000006],[6.994518800000037,50.511630800000034],[6.994816296000067,50.51153807600008],[6.995155700000055,50.51134190000005],[6.995153500000072,50.51133440000007],[6.995174200000066,50.51133030000005],[6.995154500000069,50.51129890000004],[6.99517270000007,50.51129510000004],[6.995102900000064,50.511203],[6.995043900000042,50.511201300000046]]]},"properties":{"event_type":"5-Flood","obj_desc":"Riverine flood","det_method":"Photo-interpretation","notation":"Flooded area","dmg_src_id":4,"area":0.266649130642,"evidence_source":"Copernicus EMS agency interpretation","evidence_layer":"observedEventA","source_product_id":"EMSR517_AOI15_GRA_PRODUCT_r1_RTP01_v1","observed_at":"2021-07-18T10:50:00Z","available_at":null,"product_metadata_date":"2021-07-19","timestamp_precision_note":"Product map scene time; individual feature observation times are not provided."}},{"type":"Feature","id":"cems-flood-30","geometry":{"type":"Polygon","coordinates":[[[6.991915479000055,50.51409372200004],[6.991818719000038,50.513999242000075],[6.991673572000026,50.51398959800008],[6.991363600000057,50.51418930000005],[6.991282400000046,50.51399630000003],[6.991341500000032,50.51369710000006],[6.991619400000047,50.513413600000035],[6.991816300000039,50.51328120000005],[6.992103412000063,50.513161162000074],[6.992347929000062,50.51340153600007],[6.992502750000029,50.51344704300004],[6.992704443000037,50.51344338200005],[6.992763108000076,50.51338014100002],[6.992778836000071,50.51327332300008],[6.992614800000069,50.512953],[6.992925184000057,50.512878898000054],[6.99314019800005,50.512691921000055],[6.993426558000067,50.512539795000066],[6.993972359000054,50.51234216600005],[6.994379968000033,50.512234963000026],[6.994673881000039,50.51216863600007],[6.994881,50.51217230000003],[6.994949800000028,50.51202450000005],[6.994738100000063,50.512036400000056],[6.99449080000005,50.512105500000075],[6.994038600000067,50.51215980000006],[6.993826900000045,50.512252700000026],[6.99349280000007,50.51239910000003],[6.993208500000037,50.512492200000054],[6.993033900000056,50.51257390000006],[6.992820700000039,50.51262510000003],[6.992687700000033,50.512683],[6.992604834000076,50.51271903400004],[6.992535,50.512749400000075],[6.992507,50.51280660000003],[6.99244,50.512851],[6.992167600000074,50.51298020000007],[6.99210320000003,50.51301720000004],[6.991990500000042,50.513064900000074],[6.991901800000051,50.51309350000008],[6.991588700000023,50.51319050000006],[6.991530800000021,50.51321360000003],[6.991477300000042,50.513248900000065],[6.991472800000054,50.51323210000004],[6.991416500000071,50.513240600000074],[6.991392400000051,50.513286700000045],[6.991215300000021,50.51337710000008],[6.991156300000057,50.51345040000007],[6.991185800000039,50.513453800000036],[6.991193900000042,50.51371140000003],[6.991169200000058,50.51379650000007],[6.991124200000058,50.51381880000008],[6.991193900000042,50.51402550000006],[6.991205600000057,50.514081800000035],[6.991140400000064,50.514100800000044],[6.991147,50.51416420000004],[6.991197900000032,50.51430490000006],[6.991259900000045,50.51448020000004],[6.991427700000031,50.51452270000004],[6.991483900000048,50.51436750000005],[6.991809938000075,50.51420612800007],[6.991915479000055,50.51409372200004]]]},"properties":{"event_type":"5-Flood","obj_desc":"Riverine flood","det_method":"Photo-interpretation","notation":"Flooded area","dmg_src_id":4,"area":0.902151154918,"evidence_source":"Copernicus EMS agency interpretation","evidence_layer":"observedEventA","source_product_id":"EMSR517_AOI15_GRA_PRODUCT_r1_RTP01_v1","observed_at":"2021-07-18T10:50:00Z","available_at":null,"product_metadata_date":"2021-07-19","timestamp_precision_note":"Product map scene time; individual feature observation times are not provided."}},{"type":"Feature","id":"cems-flood-31","geometry":{"type":"Polygon","coordinates":[[[6.994459800000072,50.51528310000003],[6.994359300000042,50.51529720000008],[6.994254100000035,50.51526770000004],[6.994108100000062,50.51522270000004],[6.994113200000072,50.51520190000008],[6.994201600000054,50.51513430000005],[6.994188401000031,50.51512754200007],[6.994138900000053,50.51510220000006],[6.994159700000067,50.515086100000076],[6.994162,50.51505540000006],[6.994057700000042,50.515032],[6.993896800000073,50.51500320000007],[6.993761500000062,50.51499590000003],[6.993841,50.51504740000007],[6.993953400000066,50.51509540000006],[6.994082800000058,50.515156500000046],[6.994012600000076,50.51517960000007],[6.993920700000047,50.51513710000007],[6.993808500000057,50.51507840000005],[6.993690500000071,50.51502080000006],[6.993670700000052,50.51499490000003],[6.993615700000021,50.514997],[6.993407400000024,50.515006],[6.993369800000039,50.51502060000007],[6.993316500000049,50.51501790000003],[6.993165100000055,50.51499810000007],[6.993099800000038,50.514986700000065],[6.993069400000024,50.51496530000003],[6.992449200000066,50.51486780000005],[6.991935,50.51479610000007],[6.991679400000066,50.51480460000005],[6.991628400000025,50.51474580000007],[6.991518400000075,50.51476370000006],[6.991357500000049,50.514756900000066],[6.991290500000048,50.514728],[6.991231500000026,50.514671700000065],[6.99117780000006,50.514622100000054],[6.991102800000021,50.51451910000003],[6.991061500000057,50.51445160000003],[6.991008800000031,50.514311700000064],[6.99095790000007,50.514149700000075],[6.990933751000057,50.51404770700003],[6.990764573000036,50.514057363000056],[6.990844690000075,50.51428006300006],[6.990934179000021,50.51454576000004],[6.991014904000053,50.514754192000055],[6.991210545000059,50.51489321400004],[6.991474400000071,50.514906600000074],[6.991549400000054,50.51493360000006],[6.99211,50.515021800000056],[6.992919600000049,50.515151800000076],[6.99355440000005,50.51524130000008],[6.993930400000067,50.51530320000006],[6.99405620500005,50.51533118500003],[6.994274499000029,50.515335102000044],[6.994623469000032,50.51555529300003],[6.99467669300003,50.51570851400004],[6.994717,50.51591070000006],[6.994801500000051,50.515860400000065],[6.994840100000032,50.51572850000008],[6.994843100000026,50.51567490000008],[6.994896700000027,50.51564110000004],[6.994902500000023,50.515593800000026],[6.994880300000035,50.51556990000005],[6.994858800000031,50.51555140000006],[6.994810200000074,50.51552080000004],[6.994728,50.51546160000004],[6.994700500000022,50.51545790000006],[6.994667200000038,50.515453500000035],[6.994635200000062,50.515415200000064],[6.994531200000041,50.51534030000005],[6.994459800000072,50.51528310000003]]]},"properties":{"event_type":"5-Flood","obj_desc":"Riverine flood","det_method":"Photo-interpretation","notation":"Flooded area","dmg_src_id":4,"area":0.688339270639,"evidence_source":"Copernicus EMS agency interpretation","evidence_layer":"observedEventA","source_product_id":"EMSR517_AOI15_GRA_PRODUCT_r1_RTP01_v1","observed_at":"2021-07-18T10:50:00Z","available_at":null,"product_metadata_date":"2021-07-19","timestamp_precision_note":"Product map scene time; individual feature observation times are not provided."}},{"type":"Feature","id":"cems-flood-32","geometry":{"type":"Polygon","coordinates":[[[6.98772625600003,50.51704299100003],[6.987923836000049,50.517004762000056],[6.988087152000048,50.51699769400005],[6.988490500000069,50.516795400000035],[6.989284200000043,50.51658220000007],[6.98921740000003,50.51656110000005],[6.989107118000049,50.516498486000046],[6.988934100000051,50.51655710000006],[6.988832200000047,50.51654430000008],[6.988830900000039,50.51658690000005],[6.988594800000044,50.51667560000004],[6.988126800000033,50.51679670000004],[6.987665400000026,50.516933100000074],[6.987649400000066,50.51691950000003],[6.987593,50.51694680000003],[6.98753940000006,50.516957],[6.987428100000044,50.51700990000006],[6.98736370000006,50.51701580000008],[6.98733960000004,50.517034600000045],[6.987237600000071,50.517061],[6.986867500000074,50.51709940000006],[6.986758900000041,50.51710450000007],[6.986667700000056,50.51711730000005],[6.986579100000028,50.51711140000003],[6.986467800000071,50.51711990000007],[6.986131200000045,50.51711650000004],[6.98597570000004,50.51710280000003],[6.985805300000038,50.51710110000005],[6.985639,50.51708920000004],[6.985533100000055,50.51706360000003],[6.985050300000069,50.51700990000006],[6.984983200000046,50.517012400000056],[6.984855800000049,50.51697660000008],[6.984816900000055,50.51698510000005],[6.984739200000035,50.516959600000064],[6.984622500000057,50.51693650000004],[6.984582200000035,50.51693820000003],[6.984501800000031,50.516892200000036],[6.984370300000022,50.51686150000007],[6.984288500000047,50.51680180000006],[6.984182600000054,50.51674890000004],[6.984152,50.51669760000003],[6.984047900000063,50.516646800000046],[6.983935600000052,50.51649010000006],[6.983783600000037,50.51635760000005],[6.98366980000003,50.51626230000005],[6.983565500000054,50.516081400000076],[6.983398600000044,50.51590170000003],[6.983365200000036,50.51579680000004],[6.983278581000036,50.51587132100008],[6.983274273000063,50.51597238600004],[6.983326163000071,50.516068475000054],[6.983387630000038,50.51615878100006],[6.983477324000035,50.51624362600006],[6.983540313000048,50.51629826200008],[6.983573302000025,50.516399973000034],[6.983644348000042,50.516484495000036],[6.983726239000021,50.51653350900005],[6.983817960000067,50.51657079400008],[6.983918246000031,50.51662607600008],[6.983969885000021,50.51672811000004],[6.983985240000038,50.51680571700006],[6.984046710000029,50.51689602300007],[6.984120291000068,50.51692109500004],[6.984221845000035,50.516946651000076],[6.984368753000068,50.517002740000066],[6.984440815000028,50.517063482000026],[6.984466002000032,50.51712936100006],[6.984574348000024,50.51721452900006],[6.984768639000038,50.51725358900006],[6.985373201000073,50.51729975200004],[6.986063456000068,50.51730574900006],[6.986641565000072,50.51731575100007],[6.987090905000058,50.51728187800007],[6.987422820000063,50.517156732000046],[6.98772625600003,50.51704299100003]]]},"properties":{"event_type":"5-Flood","obj_desc":"Riverine flood","det_method":"Photo-interpretation","notation":"Flooded area","dmg_src_id":4,"area":0.906142072146,"evidence_source":"Copernicus EMS agency interpretation","evidence_layer":"observedEventA","source_product_id":"EMSR517_AOI15_GRA_PRODUCT_r1_RTP01_v1","observed_at":"2021-07-18T10:50:00Z","available_at":null,"product_metadata_date":"2021-07-19","timestamp_precision_note":"Product map scene time; individual feature observation times are not provided."}},{"type":"Feature","id":"cems-flood-33","geometry":{"type":"Polygon","coordinates":[[[6.988271084000076,50.51246685600006],[6.988343,50.51258880000006],[6.988417,50.51279860000005],[6.988413856000022,50.51287244800005],[6.988411300000053,50.51293250000004],[6.988365800000054,50.513045900000066],[6.988088900000037,50.513455900000054],[6.987992951000025,50.513589807000066],[6.987801094000075,50.513857562000055],[6.987757,50.51391910000006],[6.987544600000035,50.51418080000008],[6.987305600000071,50.514454500000056],[6.987123500000052,50.514607700000056],[6.986895900000036,50.51474520000004],[6.986636100000055,50.514848900000054],[6.986433100000056,50.514921300000026],[6.986340962000043,50.51493754300003],[6.986173300000075,50.514967100000035],[6.986002806000044,50.51499781500008],[6.985704800000064,50.51505150000003],[6.984595300000024,50.51524690000008],[6.984265300000061,50.51529030000006],[6.984228409000024,50.515326455000036],[6.984195100000021,50.51535910000007],[6.983948600000076,50.51541570000007],[6.983832900000039,50.51545430000004],[6.983582500000069,50.51560150000006],[6.983512400000052,50.51566180000003],[6.983497200000045,50.515734100000024],[6.983510500000023,50.51581850000007],[6.983592,50.51589690000003],[6.983637701000021,50.515776781000056],[6.983702037000056,50.51566842700004],[6.983796209000046,50.51556059000007],[6.983933108000031,50.515501088000065],[6.984128466000072,50.51547115600005],[6.98452785400002,50.51538288300003],[6.985371583000073,50.515202352000074],[6.98561760000007,50.515192600000034],[6.985696900000051,50.51516940000005],[6.986138100000062,50.51508080000008],[6.986377300000072,50.515029],[6.986483900000054,50.51500550000002],[6.986583500000052,50.51497610000007],[6.986718146000044,50.51492276400006],[6.98687760000007,50.51485960000008],[6.987160300000029,50.514724200000046],[6.987407900000052,50.51456050000007],[6.987570437000045,50.51441065500006],[6.987593600000026,50.514389300000055],[6.987713110000072,50.514236449000066],[6.987763500000028,50.514172],[6.988616100000058,50.51284090000007],[6.988655937000034,50.51275736400003],[6.988538780000056,50.51269255700003],[6.988460176000046,50.512566262000064],[6.988391093000075,50.51247939700005],[6.988271084000076,50.51246685600006]]]},"properties":{"event_type":"5-Flood","obj_desc":"Riverine flood","det_method":"Photo-interpretation","notation":"Flooded area","dmg_src_id":4,"area":0.623409097312,"evidence_source":"Copernicus EMS agency interpretation","evidence_layer":"observedEventA","source_product_id":"EMSR517_AOI15_GRA_PRODUCT_r1_RTP01_v1","observed_at":"2021-07-18T10:50:00Z","available_at":null,"product_metadata_date":"2021-07-19","timestamp_precision_note":"Product map scene time; individual feature observation times are not provided."}},{"type":"Feature","id":"cems-flood-34","geometry":{"type":"Polygon","coordinates":[[[6.987709071000039,50.513288517000035],[6.987589039000056,50.51329610300007],[6.987521119000065,50.51335739700005],[6.987413376000063,50.513477496000064],[6.987313455000049,50.51352336300004],[6.987082085000054,50.513807906000075],[6.986783187000071,50.51403476200006],[6.986598212000047,50.51410592900004],[6.986028035000061,50.51434891200006],[6.986007363000056,50.51439615000004],[6.986047600000064,50.514482700000016],[6.985919900000056,50.51450930000004],[6.985895500000027,50.51451640000004],[6.985896800000035,50.514562400000045],[6.985866800000053,50.51459560000006],[6.985826011000029,50.51461516900009],[6.985970300000076,50.514720200000056],[6.986167300000035,50.51484510000006],[6.98617777000004,50.51485070100006],[6.986277600000051,50.514835600000026],[6.986787800000059,50.51465110000003],[6.986888837000039,50.51456227600005],[6.987122909000049,50.51435649800004],[6.987208900000041,50.51428090000008],[6.987791480000055,50.51348796100006],[6.987857500000075,50.51339810000006],[6.987871266000071,50.513383969000074],[6.987779034000028,50.513326161000066],[6.987709071000039,50.513288517000035]]]},"properties":{"event_type":"5-Flood","obj_desc":"Riverine flood","det_method":"Photo-interpretation","notation":"Flooded area","dmg_src_id":4,"area":0.795733144844,"evidence_source":"Copernicus EMS agency interpretation","evidence_layer":"observedEventA","source_product_id":"EMSR517_AOI15_GRA_PRODUCT_r1_RTP01_v1","observed_at":"2021-07-18T10:50:00Z","available_at":null,"product_metadata_date":"2021-07-19","timestamp_precision_note":"Product map scene time; individual feature observation times are not provided."}},{"type":"Feature","id":"cems-flood-35","geometry":{"type":"Polygon","coordinates":[[[6.986423700000045,50.511059500000044],[6.986319300000048,50.51102330000003],[6.986101200000064,50.51100880000007],[6.985888800000056,50.51104020000008],[6.985708600000066,50.51113420000008],[6.985707537000052,50.51113498800004],[6.985547400000031,50.51125370000005],[6.98535590000006,50.51142730000003],[6.985222633000035,50.511600086000044],[6.985012600000061,50.51187240000007],[6.984697700000027,50.51242840000003],[6.984602900000027,50.51253930000007],[6.984489100000076,50.512609300000065],[6.984360200000026,50.51266120000008],[6.984192786000052,50.51270564100008],[6.984151500000052,50.51271660000003],[6.984084956000061,50.51266923300006],[6.984024500000032,50.51262620000006],[6.984126900000036,50.51256710000007],[6.98418950000007,50.51247060000003],[6.984226111000055,50.51243773700002],[6.98411823300006,50.512407248000045],[6.983994709000059,50.51241581700003],[6.98389310500005,50.512435475000075],[6.983527517000027,50.512475546000076],[6.983365899000034,50.512458467000044],[6.983093616000074,50.51241091400005],[6.982794124000065,50.51234503900008],[6.982681520000028,50.51234752200003],[6.982572100000026,50.512276400000076],[6.981653700000039,50.51175660000006],[6.981495001000042,50.51169715300006],[6.981394870000032,50.511659644000076],[6.981037300000025,50.51152570000005],[6.980244769000024,50.51133675300008],[6.980204700000058,50.51132720000003],[6.979935400000045,50.51129590000005],[6.979693300000064,50.511299500000064],[6.978548,50.51141650000005],[6.977579800000057,50.511581500000034],[6.977360839000028,50.51158741000006],[6.977539386000047,50.51173439000007],[6.97769121500005,50.51176030100003],[6.978232651000042,50.51166618900004],[6.979020827000057,50.51156208100008],[6.979221750000022,50.511576278000064],[6.97938972000003,50.511575625000035],[6.979744877000029,50.51151753800008],[6.980093221000061,50.511487888000026],[6.980349475000025,50.51151732300008],[6.980830056000059,50.511668447000034],[6.981963521000068,50.51214156700007],[6.982111800000041,50.512253],[6.98222880000003,50.51233810000008],[6.982340400000055,50.51242610000003],[6.982446300000049,50.51251690000004],[6.982546400000046,50.51261040000003],[6.982600320000074,50.512665352000056],[6.982640500000059,50.51270630000005],[6.982728500000065,50.51280460000004],[6.98278214100003,50.51287060000004],[6.983010948000072,50.51290565900007],[6.983207044000039,50.51290191800007],[6.983309714000028,50.512857292000035],[6.983382893000055,50.51284785100006],[6.983549651000033,50.51287572800004],[6.983694489000071,50.51289251600008],[6.983913418000044,50.51287846100007],[6.984068739000066,50.51284185400005],[6.984303223000041,50.512770786000026],[6.98443970900007,50.51272079600005],[6.984557345000042,50.51267523800004],[6.984633553000037,50.51263848100007],[6.984680028000071,50.51259883100005],[6.984746262000043,50.512533344000076],[6.984880977000046,50.51226200600007],[6.985173571000075,50.51178874200008],[6.985293500000069,50.511631900000054],[6.985363326000027,50.511552505000054],[6.985563930000069,50.51139891400004],[6.985696597000072,50.51126318400003],[6.98615240600003,50.51107593300003],[6.986318540000069,50.511096457000065],[6.98652867100003,50.51120123300006],[6.986715731000061,50.511409722000046],[6.986956962000023,50.51166079400008],[6.987211438000033,50.51181987900002],[6.98744273400007,50.51197558800004],[6.987637875000075,50.51210390000006],[6.987711562000072,50.51223606000007],[6.987814862000051,50.51233006200004],[6.987934281000037,50.512483835000076],[6.988038453000058,50.51266709200007],[6.98813142000006,50.512784712000034],[6.988159376000056,50.51289525900006],[6.988171535000048,50.51306391800006],[6.988244400000042,50.512953],[6.988272900000028,50.51282280000004],[6.988233,50.51274680000006],[6.988117300000055,50.512688900000065],[6.98789540000007,50.51227880000005],[6.987658400000043,50.51204360000003],[6.987527500000056,50.51195320000005],[6.987274600000036,50.51179080000003],[6.986984,50.51153080000005],[6.986958092000067,50.51151388300008],[6.986816300000044,50.51142130000005],[6.986653200000035,50.51118850000006],[6.98658188500002,50.51113454400007],[6.986573500000078,50.51112820000003],[6.986423700000045,50.511059500000044]]]},"properties":{"event_type":"5-Flood","obj_desc":"Riverine flood","det_method":"Photo-interpretation","notation":"Flooded area","dmg_src_id":4,"area":1.80799824307,"evidence_source":"Copernicus EMS agency interpretation","evidence_layer":"observedEventA","source_product_id":"EMSR517_AOI15_GRA_PRODUCT_r1_RTP01_v1","observed_at":"2021-07-18T10:50:00Z","available_at":null,"product_metadata_date":"2021-07-19","timestamp_precision_note":"Product map scene time; individual feature observation times are not provided."}},{"type":"Feature","id":"cems-flood-36","geometry":{"type":"Polygon","coordinates":[[[7.102939987000069,50.54497867700008],[7.103049805000069,50.54503401000005],[7.103094268000063,50.545107224000056],[7.10324120000007,50.54505240000003],[7.103354100000046,50.54495950000006],[7.103378300000031,50.544937600000026],[7.103455510000061,50.54486808800004],[7.103758733000063,50.54473457100005],[7.103907828000048,50.54474175800004],[7.104062481000028,50.544796631000054],[7.10425273800007,50.54489491800007],[7.104399164000029,50.544968693000044],[7.104570272000046,50.54498575800005],[7.104704822000031,50.54498318900005],[7.105045600000039,50.54487340000003],[7.105507,50.544875200000035],[7.10581540000004,50.54485980000004],[7.106150700000057,50.54482570000005],[7.106247200000041,50.54481210000006],[7.106320200000027,50.54478620000003],[7.106341100000066,50.544740500000046],[7.106349200000069,50.54469450000005],[7.106348053000034,50.54419719400005],[7.106937987000037,50.54414207900004],[7.107358900000065,50.54424280000006],[7.108335200000055,50.544392600000045],[7.108405337000021,50.54419581500008],[7.108446900000046,50.544079200000056],[7.109406900000068,50.54432140000006],[7.109614400000055,50.54436910000005],[7.110299309000027,50.544505231000066],[7.110799111000063,50.544614480000064],[7.111060125000052,50.54462466500007],[7.111211313000069,50.54457952400003],[7.111299800000039,50.54446792400006],[7.111458113000026,50.54424442000004],[7.111607807000041,50.544002929000044],[7.111753394000062,50.54363048700003],[7.112039337000055,50.543016401000045],[7.112134062000052,50.54298224200005],[7.112479110000037,50.54300836200009],[7.112482298000032,50.542928538000076],[7.11248457100004,50.54287161800005],[7.11256372200006,50.54275986500006],[7.112677107000025,50.542726008000045],[7.112771340000051,50.54269786900005],[7.112884979000057,50.54266393600005],[7.113158873000032,50.54258508600003],[7.113357176000022,50.542528807000046],[7.113473408000061,50.54242360400008],[7.113572539000075,50.54228442300007],[7.113608573000023,50.54223383200008],[7.112406231000023,50.54201145900004],[7.112311116000058,50.54199386700002],[7.110657687000071,50.541690997000046],[7.109860147000062,50.54146387700007],[7.109043457000041,50.54115553000003],[7.108246465000036,50.540728512000044],[7.108178702000032,50.540684420000055],[7.107511290000049,50.54025014000007],[7.107126573000072,50.539972598000084],[7.106951637000066,50.53986504600005],[7.106812686000069,50.539791395000066],[7.106650964000039,50.539726892000026],[7.106542059000049,50.53964897000003],[7.106454973000041,50.53958568100006],[7.106383195000034,50.53951312300006],[7.106216298000049,50.53939142200005],[7.105990646000065,50.53924496800005],[7.105838868000035,50.53911875400007],[7.105642120000027,50.53899656700003],[7.10524252600004,50.53890439400005],[7.104738637000025,50.53880576200004],[7.104277051000054,50.53876969000003],[7.103828676000035,50.53877666500006],[7.103424126000049,50.53880815000008],[7.103191616000061,50.538832918000026],[7.10301249500003,50.538829999000036],[7.102864182000076,50.53880378500003],[7.102729650000072,50.53880635200005],[7.102565264000019,50.53880843200005],[7.102251039000066,50.538822347000064],[7.102049145000024,50.53882857500008],[7.101996270000028,50.53883841500004],[7.102086829000029,50.53890770300006],[7.102140638000038,50.53903312800002],[7.102118877000066,50.53911011400004],[7.10207821800003,50.53919274100008],[7.101990197000021,50.53929244300008],[7.101856483000063,50.53936760400007],[7.101685451000037,50.53944215500008],[7.101545511000041,50.53943987300005],[7.101444321000031,50.53940252700005],[7.101363938000077,50.53931197700007],[7.101339293000023,50.539228285000036],[7.101324694000027,50.53912691000005],[7.101270151000051,50.53909032400003],[7.100931700000046,50.538972],[7.100751260000038,50.53889782200009],[7.100671871000031,50.538906059000055],[7.100476103000062,50.53894569900006],[7.100265981000064,50.53897082700008],[7.100191920000043,50.53895534000004],[7.10008035200002,50.538944],[7.099960555000053,50.53895156400006],[7.099847457000067,50.538978274000044],[7.099809067000024,50.53898459100003],[7.099827587000049,50.53920632300003],[7.099874004000071,50.53944505100003],[7.099928318000025,50.539719604000034],[7.099977842000044,50.53988104300004],[7.100136226000075,50.540353621000065],[7.100165421000042,50.54055637300007],[7.100160164000044,50.540687171000066],[7.100051565000058,50.540834130000064],[7.099776943000052,50.54093078500006],[7.099494664000076,50.540985670000055],[7.099260467000022,50.54100564300006],[7.099121479000076,50.54097957700003],[7.099050667000028,50.540883232000056],[7.099002339000037,50.54069206600008],[7.098876985000061,50.54055913500008],[7.098647812000024,50.54045425400005],[7.098453326000027,50.54041538200005],[7.098229179000043,50.54041766900008],[7.09809569500004,50.54048688000005],[7.097921783000061,50.54063277000005],[7.097749305000036,50.54074298800003],[7.097505301000069,50.540774696000035],[7.097410330000059,50.54081478900007],[7.097350045000042,50.54092089000005],[7.097315834000028,50.54107501200008],[7.097198614000036,50.541203980000034],[7.097028286000068,50.541260689000076],[7.096814422000023,50.541239345000065],[7.096800949000055,50.54123311200004],[7.096667780000074,50.54117150500008],[7.096458465000069,50.54103719900007],[7.096313979000059,50.54091585000003],[7.096178105000035,50.540812491000054],[7.096061849000022,50.54068565400007],[7.096020469000052,50.54055409400007],[7.096007317000044,50.54041704500003],[7.095968093000066,50.54023197600003],[7.095881743000064,50.54005803500007],[7.095628182000041,50.53986351000003],[7.095396624000045,50.539818076000074],[7.095292564000032,50.53985207000005],[7.095222227000022,50.539975853000044],[7.095161220000024,50.540099790000056],[7.095056680000027,50.54014567400003],[7.094879420000041,50.54014277300007],[7.094722017000038,50.54011045000005],[7.094614377000028,50.54000160100003],[7.094489277000036,50.53986272000003],[7.094422789000021,50.539834961000054],[7.094296476000068,50.53978222300003],[7.094072810000057,50.539772612000036],[7.09393430800003,50.53973464900008],[7.092280844000073,50.539507608000065],[7.091255024000077,50.53912605200003],[7.09048788900003,50.53881159700006],[7.090074112000025,50.538642003000064],[7.08985769700007,50.53835137100003],[7.089510100000041,50.538248500000066],[7.089337920000048,50.538038653000065],[7.089213675000053,50.53778674300003],[7.089064734000033,50.53759154200004],[7.088945341000056,50.53749677300005],[7.08886731900003,50.53720992600006],[7.088922944000045,50.53703452800005],[7.088978453000038,50.536859495000044],[7.088995702000034,50.53680510300006],[7.089118174000021,50.53633860700006],[7.089273415000037,50.535917246000054],[7.089319485000033,50.53579219800008],[7.089364544000034,50.53570528300003],[7.089495639000064,50.53545241100005],[7.089623300000029,50.53543860000008],[7.089715100000034,50.53532140000004],[7.089792300000056,50.53523470000004],[7.089860729000065,50.53515188700005],[7.089853117000075,50.53515224600005],[7.089747382000041,50.535227852000055],[7.089492391000022,50.535301007000044],[7.089193399000067,50.535307998000064],[7.088852091000035,50.535207207000035],[7.088651672000026,50.53508493000004],[7.088572042000066,50.534976535000055],[7.088517369000045,50.534902112000054],[7.088210677000063,50.53497718300007],[7.088005375000024,50.53488338200003],[7.087822077000055,50.534799461000034],[7.087688134000075,50.53478774200004],[7.087567961000047,50.53480480500008],[7.087469600000077,50.534836505000044],[7.08741447500006,50.53490699100007],[7.087433015000045,50.535002484000074],[7.087641739000048,50.535196290000044],[7.087948580000046,50.535415914000055],[7.087793058000045,50.53552667200006],[7.087675936000038,50.53545862100003],[7.08740539200005,50.53531615300006],[7.087248289000058,50.53532309000008],[7.087145428000043,50.535391749000034],[7.087066832000062,50.53556283900008],[7.087020708000068,50.535595397000066],[7.086913534000075,50.53566026800007],[7.086777856000026,50.53569135400005],[7.086627830000054,50.53570792600004],[7.08647703400004,50.535743522000075],[7.086345392000055,50.535833464000056],[7.086224215000072,50.535901187000036],[7.086236830000075,50.53595850700003],[7.086515429000031,50.53636517800004],[7.086431100000027,50.53641350000004],[7.086180365000074,50.53654354400005],[7.085551500000065,50.536869700000075],[7.085570669000049,50.53688330700003],[7.085569572000054,50.53688395300003],[7.085552912000026,50.53692651400007],[7.085572605000038,50.53699347000003],[7.085841935000076,50.537169187000075],[7.08602202700007,50.53732926100008],[7.086019524000052,50.53739109200007],[7.085978935000071,50.53747133500008],[7.08584628600005,50.537611936000076],[7.085749603000068,50.537786445000044],[7.085684890000038,50.537909126000045],[7.085568706000061,50.538011923000056],[7.085430901000052,50.538095326000075],[7.085270408000042,50.53815150500003],[7.084867700000074,50.53771880000005],[7.084726364000062,50.537558785000044],[7.084318533000045,50.53709704600004],[7.083989400000065,50.536724400000026],[7.08356180000004,50.536373800000035],[7.083048900000051,50.53593140000004],[7.082681879000063,50.535660945000075],[7.08273390100004,50.53554152700008],[7.082926979000035,50.535384076000064],[7.083101640000052,50.535220372000026],[7.083127046000072,50.535054211000045],[7.083111985000073,50.53502950700005],[7.080931674000055,50.53339507100003],[7.079669350000074,50.53193214400005],[7.079409621000025,50.53149459400004],[7.079562759000055,50.53138659500007],[7.079761900000051,50.531241600000044],[7.080107179000039,50.53108145300007],[7.080387441000028,50.53107536600004],[7.081336202000046,50.53129447500004],[7.081402058000037,50.531327687000044],[7.081405629000074,50.531377719000034],[7.081425120000063,50.531449432000045],[7.081473753000068,50.53149306900008],[7.081523399000049,50.53151173500004],[7.081670020000047,50.53152429000005],[7.081861655000067,50.53145662700007],[7.081984057000057,50.53147649200008],[7.083090798000057,50.53180527600006],[7.083682845000055,50.531982794000044],[7.084259298000063,50.53220450900005],[7.084270914000059,50.53231852000005],[7.084113478000063,50.53251820500003],[7.084022782000034,50.53268329200006],[7.084020614000053,50.532736800000066],[7.084130863000042,50.53278026000003],[7.084318145000054,50.53276549400005],[7.084807595000029,50.53243443900004],[7.085106809000023,50.53242151400008],[7.085322314000051,50.532401262000064],[7.085706922000043,50.532354044000044],[7.085913098000049,50.53233363700008],[7.086430544000052,50.53207379400004],[7.086471945000027,50.53197333600008],[7.086007344000053,50.531858054000054],[7.085850216000039,50.53181977400004],[7.085624092000045,50.53175656300005],[7.085078120000047,50.531524484000045],[7.084741632000032,50.53142078400004],[7.084573405000071,50.53131092900003],[7.084404817000063,50.531209991000026],[7.084206320000021,50.531156155000076],[7.084073960000069,50.531082585000036],[7.083942082000021,50.530997125000056],[7.083771931000057,50.53093483100008],[7.083579666000048,50.53084242600005],[7.083228351000059,50.530759301000046],[7.083019325000067,50.53073503600007],[7.082797634000031,50.530677841000056],[7.08256231300004,50.53061149700005],[7.082502842000054,50.530587910000065],[7.082351035000044,50.53052770100004],[7.082092639000051,50.53045502700007],[7.081737148000059,50.53035993000003],[7.081557675000056,50.53029747900007],[7.081347003000076,50.53019881800003],[7.081217384000069,50.53017288400008],[7.081009206000034,50.53012780700004],[7.080773650000026,50.53006740500007],[7.080598722000047,50.530008002000045],[7.080387571000074,50.52992123000007],[7.080328512000051,50.52988158600005],[7.080316934000052,50.52982190200004],[7.080356898000049,50.52975711900007],[7.080199725000056,50.52962036500003],[7.080066389000024,50.529556],[7.079924109000046,50.52949713500004],[7.079731737000032,50.52940769700007],[7.079543546000025,50.52933022600007],[7.079433913000059,50.52927189900004],[7.079310410000062,50.529210368000065],[7.079113256000028,50.52912382400007],[7.078897327000051,50.52903994500008],[7.078888839000057,50.52903647900007],[7.078699933000053,50.52895934600007],[7.078502297000057,50.52888469200007],[7.07837365000006,50.52883497400007],[7.078249304000053,50.52879425100007],[7.078055246000076,50.52874642700004],[7.077875905000042,50.52868099800003],[7.077645990000065,50.528596885000056],[7.077374466000038,50.52850316100005],[7.076978238000037,50.52837763000008],[7.076737427000069,50.52833200600003],[7.076437349000059,50.528297896000026],[7.076218887000039,50.52841386600006],[7.076133009000046,50.52846004100007],[7.076010790000055,50.528481818000046],[7.075824975000046,50.52846089900004],[7.075517666000052,50.52844392000003],[7.075171598000054,50.52846199500004],[7.074714573000051,50.52845443600006],[7.074247495000065,50.52846455700006],[7.073930009000038,50.52840361300008],[7.073758900000031,50.528423300000036],[7.073230100000046,50.528449600000044],[7.07290888500006,50.52856138900005],[7.071797386000071,50.528810700000065],[7.071356103000029,50.52887478100007],[7.070879209000054,50.52889662500007],[7.07060629700004,50.52895159400004],[7.070398432000046,50.52901359100008],[7.070312063000075,50.52907165200003],[7.070261303000052,50.529171949000045],[7.070237554000072,50.52929649000004],[7.070206419000044,50.52937331500005],[7.070118835000073,50.52946110300008],[7.070013809000045,50.52951885400006],[7.069909996000035,50.529546879000065],[7.069851607000031,50.52960540400005],[7.06981162900007,50.529670184000054],[7.069716172000029,50.52972214400006],[7.069667837000054,50.52976298800007],[7.069646028000022,50.52983996700004],[7.069614891000072,50.52991679200006],[7.069426726000073,50.53003238800005],[7.069389300000068,50.53028260000008],[7.069802802000026,50.530038894000036],[7.070392983000033,50.52975716300006],[7.071138324000061,50.52956129100005],[7.072084496000059,50.529475829000035],[7.072913408000034,50.52951930200004],[7.073604108000041,50.52951883600007],[7.07407519700007,50.52963966800007],[7.074324128000057,50.52971517800006],[7.074498442000049,50.529789454000074],[7.07455150100003,50.52986172300007],[7.074594749000028,50.529945729000076],[7.074712615000067,50.530030968000055],[7.074908006000043,50.53004609900007],[7.075118421000069,50.53015071700003],[7.075235563000035,50.53025379200005],[7.075297225000043,50.53034405100004],[7.075321820000057,50.53042774800008],[7.075440173000062,50.53050109600008],[7.075614975000065,50.53056347900008],[7.075825395000037,50.530668096000056],[7.076110813000071,50.53099407600008],[7.076320268000075,50.53112247300004],[7.076800364000063,50.53148141500003],[7.077665607000029,50.532239369000074],[7.078248719000044,50.53282013000006],[7.079222083000047,50.53367504600004],[7.079998469000032,50.53432442900004],[7.080355909000048,50.534717029000035],[7.080817897000031,50.535063756000056],[7.081526695000036,50.53553948500007],[7.082434707000061,50.536167223000064],[7.083446494000043,50.53699893900006],[7.08466850000002,50.53827640000003],[7.084892533000072,50.538409803000036],[7.085083147000034,50.53844932800007],[7.085394714000075,50.53846289100005],[7.08556720000007,50.53847040000006],[7.085966842000062,50.538384946000065],[7.086110629000075,50.53829212200003],[7.086457784000061,50.53801821300004],[7.086593443000027,50.53789550800008],[7.086769875000072,50.53791863500004],[7.086936524000066,50.53804511900006],[7.087176225000064,50.538396496000075],[7.087466200000051,50.538797300000056],[7.087254600000051,50.53890580000006],[7.087111,50.538981500000034],[7.087238700000057,50.53908830000006],[7.087422100000026,50.53925110000006],[7.08749940000007,50.539346600000044],[7.087688200000059,50.53950880000008],[7.087594700000068,50.53956660000006],[7.087884,50.53972060000007],[7.08766808200005,50.53994855700006],[7.08768337300006,50.54003209800004],[7.087846252000077,50.54015970900008],[7.088060781000023,50.54039525400003],[7.088464518000023,50.54063074800007],[7.088764007000066,50.54078160700004],[7.089123053000037,50.54090648700002],[7.089417034000064,50.541024349000054],[7.089495100000022,50.54123220000008],[7.089875600000027,50.54124930000007],[7.090298,50.54121420000007],[7.090382300000045,50.541169],[7.090443,50.54111],[7.09043420000006,50.54116020000004],[7.090494700000023,50.54121330000003],[7.090924300000041,50.54147490000002],[7.091032700000028,50.54151610000008],[7.091515,50.541706100000056],[7.09166220000003,50.54193940000005],[7.091791900000032,50.54206130000005],[7.092128100000024,50.54233970000007],[7.092378900000028,50.54248460000008],[7.092641600000035,50.542607600000046],[7.09284168000005,50.54270441300008],[7.093630100000039,50.54308590000006],[7.094337900000028,50.54337],[7.094266300000072,50.54341440000008],[7.094220500000063,50.543454100000076],[7.094167300000038,50.543503200000025],[7.094122800000036,50.54355020000003],[7.094269900000028,50.54360390000005],[7.094561638000073,50.54371826200003],[7.094587500000046,50.54372840000008],[7.094694700000048,50.54373550000008],[7.095264300000053,50.54392270000005],[7.095597854000061,50.54401469100002],[7.095688900000027,50.544039800000064],[7.096087300000022,50.54413280000006],[7.096544,50.54421240000005],[7.096968600000024,50.54426370000005],[7.0974,50.544289700000036],[7.097827600000073,50.544289],[7.097980800000073,50.54435030000007],[7.098052600000074,50.544331800000066],[7.098124300000052,50.544350300000076],[7.098399300000039,50.54423390000005],[7.098419487000058,50.54422219100008],[7.098458900000026,50.544251100000054],[7.098496900000042,50.54423310000004],[7.098660600000073,50.544161200000076],[7.098843502000022,50.544066076000036],[7.099106487000029,50.54416855800008],[7.099919528000044,50.54456734400002],[7.100783676000049,50.54480989800005],[7.101271865000057,50.54501938700008],[7.101593491000074,50.54496806900005],[7.10160140000005,50.544959],[7.101611865000052,50.54496513700008],[7.101624156000071,50.54496317600007],[7.101859327000057,50.544919417000074],[7.101991147000035,50.54489182000003],[7.102077030000032,50.54484562600004],[7.102178949000062,50.54486513500007],[7.102316995000025,50.544914980000044],[7.102371785000059,50.54494561900004],[7.102395957000056,50.54504120200004],[7.102456974000063,50.54514928300006],[7.102529231000062,50.54520995400003],[7.102613205000069,50.54521132200005],[7.102672534000021,50.54517540400008],[7.102689759000043,50.54516497600008],[7.102711761000023,50.54508204500007],[7.10278041500004,50.54499987400004],[7.102939987000069,50.54497867700008]]]},"properties":{"event_type":"5-Flood","obj_desc":"Riverine flood","det_method":"Photo-interpretation","notation":"Flood trace","dmg_src_id":4,"area":110.923449618,"evidence_source":"Copernicus EMS agency interpretation","evidence_layer":"observedEventA","source_product_id":"EMSR517_AOI15_GRA_PRODUCT_r1_RTP01_v1","observed_at":"2021-07-18T10:50:00Z","available_at":null,"product_metadata_date":"2021-07-19","timestamp_precision_note":"Product map scene time; individual feature observation times are not provided."}},{"type":"Feature","id":"cems-flood-37","geometry":{"type":"Polygon","coordinates":[[[7.08701449800003,50.53216839200008],[7.087057620000053,50.532262579000076],[7.087096804000054,50.53244765100004],[7.087091994000049,50.53256655800004],[7.087039342000025,50.53271442500005],[7.087016116000028,50.53282708000006],[7.087051023000072,50.532887146000064],[7.087200751000069,50.532877708000065],[7.087447126000029,50.53278656800006],[7.087598537000077,50.532735512000045],[7.087824572000044,50.532685682000086],[7.088076667000053,50.53268387400004],[7.088190525000072,50.532638149000036],[7.088305825000019,50.53255675300005],[7.088297079000029,50.53247871200006],[7.08820942500006,50.53245347500007],[7.088033758000051,50.532411919000026],[7.087824962000069,50.53238171800007],[7.087561041000072,50.53232978800003],[7.087408814000072,50.53228564100004],[7.087187591000031,50.532216564000066],[7.08701449800003,50.53216839200008]]]},"properties":{"event_type":"5-Flood","obj_desc":"Riverine flood","det_method":"Photo-interpretation","notation":"Flood trace","dmg_src_id":4,"area":0.390254540214,"evidence_source":"Copernicus EMS agency interpretation","evidence_layer":"observedEventA","source_product_id":"EMSR517_AOI15_GRA_PRODUCT_r1_RTP01_v1","observed_at":"2021-07-18T10:50:00Z","available_at":null,"product_metadata_date":"2021-07-19","timestamp_precision_note":"Product map scene time; individual feature observation times are not provided."}},{"type":"Feature","id":"cems-flood-38","geometry":{"type":"Polygon","coordinates":[[[7.090169103000051,50.53356897100008],[7.090174829000034,50.533658305000074],[7.090170987000022,50.53375343000005],[7.090092039000069,50.533859222000046],[7.089967650000062,50.53393452200004],[7.08992601500006,50.534040926000046],[7.089921932000038,50.53414199700007],[7.090002764000075,50.53422066400003],[7.090196496000033,50.53427738600004],[7.090400037000053,50.53432237000004],[7.090517944000054,50.53440759400007],[7.090551176000075,50.53450927700005],[7.090645997000024,50.53440913800006],[7.090642653000032,50.534376362000046],[7.090631541000049,50.53430478800004],[7.09065283900003,50.53423969600004],[7.090696976000062,50.534186876000035],[7.090698897000038,50.534139313000026],[7.090672953000023,50.534088319000034],[7.090596184000049,50.53402459200004],[7.090514871000038,50.53395781600006],[7.090426871000033,50.53382548800005],[7.090282782000031,50.53369521500008],[7.090169103000051,50.53356897100008]]]},"properties":{"event_type":"5-Flood","obj_desc":"Riverine flood","det_method":"Photo-interpretation","notation":"Flood trace","dmg_src_id":4,"area":0.270157107171,"evidence_source":"Copernicus EMS agency interpretation","evidence_layer":"observedEventA","source_product_id":"EMSR517_AOI15_GRA_PRODUCT_r1_RTP01_v1","observed_at":"2021-07-18T10:50:00Z","available_at":null,"product_metadata_date":"2021-07-19","timestamp_precision_note":"Product map scene time; individual feature observation times are not provided."}},{"type":"Feature","id":"cems-flood-39","geometry":{"type":"Polygon","coordinates":[[[7.089942692000022,50.53593638600006],[7.089837726000042,50.53606857800003],[7.089784990000055,50.53617242000007],[7.089750446000039,50.53619565100007],[7.089704494000046,50.53621042700007],[7.089801300000033,50.53633780000007],[7.089845600000046,50.53654110000008],[7.090091600000051,50.536978400000066],[7.090389100000039,50.53747310000006],[7.090397712000026,50.53748666800004],[7.090444772000069,50.53737508700004],[7.09049217300003,50.53712599500005],[7.090529524000032,50.53689458500003],[7.090506340000047,50.53677521900005],[7.090214303000039,50.536609798000036],[7.090043062000063,50.53645825600007],[7.089955539000073,50.53631403700007],[7.089934759000073,50.53613521800003],[7.089942692000022,50.53593638600006]]]},"properties":{"event_type":"5-Flood","obj_desc":"Riverine flood","det_method":"Photo-interpretation","notation":"Flood trace","dmg_src_id":4,"area":0.316231953187,"evidence_source":"Copernicus EMS agency interpretation","evidence_layer":"observedEventA","source_product_id":"EMSR517_AOI15_GRA_PRODUCT_r1_RTP01_v1","observed_at":"2021-07-18T10:50:00Z","available_at":null,"product_metadata_date":"2021-07-19","timestamp_precision_note":"Product map scene time; individual feature observation times are not provided."}},{"type":"Feature","id":"cems-flood-40","geometry":{"type":"Polygon","coordinates":[[[7.099399603000052,50.53824150200006],[7.099294593000025,50.53829928000005],[7.099290052000072,50.53841224300004],[7.099275703000046,50.538536943000054],[7.099383590000059,50.538639842000066],[7.099596249000058,50.53869090800003],[7.099673765000034,50.538753374000066],[7.099684300000035,50.538752600000066],[7.100325670000075,50.53872286300003],[7.100268509000045,50.538703468000044],[7.100085748000027,50.53860529700007],[7.099893897000072,50.53850102800004],[7.099633793000066,50.53830564100007],[7.099473997000076,50.53824866600007],[7.099399603000052,50.53824150200006]]]},"properties":{"event_type":"5-Flood","obj_desc":"Riverine flood","det_method":"Photo-interpretation","notation":"Flood trace","dmg_src_id":4,"area":0.213879872194,"evidence_source":"Copernicus EMS agency interpretation","evidence_layer":"observedEventA","source_product_id":"EMSR517_AOI15_GRA_PRODUCT_r1_RTP01_v1","observed_at":"2021-07-18T10:50:00Z","available_at":null,"product_metadata_date":"2021-07-19","timestamp_precision_note":"Product map scene time; individual feature observation times are not provided."}},{"type":"Feature","id":"cems-flood-41","geometry":{"type":"Polygon","coordinates":[[[7.102238600000021,50.537196300000055],[7.101361500000053,50.53710550000005],[7.101248200000044,50.53706140000003],[7.101095405000024,50.53697263100002],[7.100938871000039,50.53696531800006],[7.100738212000067,50.53700369000007],[7.100735346000023,50.53707503500004],[7.100683686000025,50.537199127000065],[7.100579396000057,50.537239070000055],[7.100382295000031,50.537265600000076],[7.100195716000031,50.53726255500004],[7.09997253900002,50.537241065000046],[7.099795051000057,50.53724411700006],[7.099634070000036,50.53730098200003],[7.099497951000047,50.53740533400003],[7.099568696000063,50.53751845100004],[7.099603200000047,50.53767064400005],[7.099612471000058,50.53771153900004],[7.099796355000024,50.53783203100005],[7.099853922000023,50.53786975200006],[7.100019456000041,50.53793194700006],[7.100343344000065,50.53800267500003],[7.100640202000022,50.53804916400003],[7.100862189000054,50.53810038000006],[7.100877026000036,50.53819581000005],[7.100836366000067,50.53827843700003],[7.100903637000044,50.53845372200004],[7.10092923600007,50.53851363300004],[7.101029707000066,50.538568815000076],[7.101272522000045,50.53857674900007],[7.101393306000034,50.538580695000064],[7.101439952000022,50.53858145600003],[7.101743119000048,50.53864472400005],[7.102505800000073,50.53860140000006],[7.103605174000052,50.53853440900008],[7.103590146000045,50.53826502700009],[7.103535782000051,50.53813087800006],[7.103468400000053,50.53802680000007],[7.103366585000059,50.537880631000064],[7.103234155000052,50.53783087900007],[7.103123351000021,50.53780051700005],[7.103051581000045,50.53772795700008],[7.103063434000035,50.53761868300006],[7.103069381000067,50.53738193100003],[7.102969,50.53735410000007],[7.102623,50.53726640000008],[7.102238600000021,50.537196300000055]]]},"properties":{"event_type":"5-Flood","obj_desc":"Riverine flood","det_method":"Photo-interpretation","notation":"Flood trace","dmg_src_id":4,"area":3.47730835871,"evidence_source":"Copernicus EMS agency interpretation","evidence_layer":"observedEventA","source_product_id":"EMSR517_AOI15_GRA_PRODUCT_r1_RTP01_v1","observed_at":"2021-07-18T10:50:00Z","available_at":null,"product_metadata_date":"2021-07-19","timestamp_precision_note":"Product map scene time; individual feature observation times are not provided."}},{"type":"Feature","id":"cems-flood-42","geometry":{"type":"Polygon","coordinates":[[[7.109018408000053,50.53941289800008],[7.108682194000039,50.539416360000075],[7.108419174000061,50.539385020000054],[7.108094060000041,50.53929971600007],[7.107992270000068,50.53927723900006],[7.107835456000032,50.53923007100008],[7.10771967200003,50.53920736600003],[7.107584992000056,50.539190304000044],[7.107509881000056,50.53920098100008],[7.107382745000052,50.53922866100004],[7.10708898200005,50.539201501000036],[7.106877574000067,50.53897533600007],[7.106234734000054,50.53880306000008],[7.106021916000032,50.53870916900007],[7.105928131000042,50.53862673300006],[7.105809670000042,50.538601008000064],[7.105749582000044,50.53860954900006],[7.105717632000052,50.53866138300003],[7.105738700000074,50.538801800000044],[7.106342500000039,50.539122700000064],[7.106727300000045,50.53941310000005],[7.106905034000023,50.53935027100004],[7.10695689800002,50.53936063300006],[7.107027533000064,50.53946173000003],[7.107112715000027,50.53957258200006],[7.107119898000064,50.539665798000044],[7.107988400000067,50.54022480000003],[7.108712500000024,50.540707],[7.109336292000023,50.54099227100005],[7.109458858000039,50.54091153400003],[7.10954627700005,50.54073444900007],[7.109447,50.54070130000008],[7.108859653000025,50.54048196600007],[7.10879,50.54033510000005],[7.108923300000072,50.540194900000074],[7.109177119000037,50.53987951900007],[7.109278498000038,50.53967889100005],[7.109300961000031,50.53958406700008],[7.109285394000039,50.53950647400006],[7.109249859000045,50.53946127700004],[7.109176413000057,50.539430338000045],[7.109018408000053,50.53941289800008]]]},"properties":{"event_type":"5-Flood","obj_desc":"Riverine flood","det_method":"Photo-interpretation","notation":"Flood trace","dmg_src_id":4,"area":1.97386988692,"evidence_source":"Copernicus EMS agency interpretation","evidence_layer":"observedEventA","source_product_id":"EMSR517_AOI15_GRA_PRODUCT_r1_RTP01_v1","observed_at":"2021-07-18T10:50:00Z","available_at":null,"product_metadata_date":"2021-07-19","timestamp_precision_note":"Product map scene time; individual feature observation times are not provided."}},{"type":"Feature","id":"cems-flood-43","geometry":{"type":"Polygon","coordinates":[[[7.080911488000027,50.529189114000076],[7.080717213000071,50.52921297800003],[7.080640067000048,50.529222454000035],[7.080407970000066,50.52910181300007],[7.080195440000068,50.529003119000045],[7.07996586400003,50.52895649700008],[7.079735902000038,50.52891938800008],[7.07954955200006,50.52891155400005],[7.079459046000068,50.52893385800007],[7.079435700000033,50.52900560000006],[7.07963624200005,50.52908512600004],[7.080019186000072,50.52911443800008],[7.080277258000025,50.52919484600005],[7.080613036000044,50.52934264000004],[7.080899736000049,50.52949543600005],[7.081098117000066,50.529574858000046],[7.08130396100006,50.52965440200006],[7.081487420000031,50.52973357700005],[7.081671073000052,50.52980799500006],[7.081912492000072,50.529930960000065],[7.082072603000029,50.53003354600003],[7.082070156000043,50.52990976100006],[7.082035161000023,50.52985207100005],[7.081977781000035,50.52979401200008],[7.081831052000041,50.52972972100008],[7.081661744000029,50.52966981800006],[7.081537015000038,50.52961540900003],[7.081449981000048,50.529552101000036],[7.081414987000073,50.52949441100004],[7.081448900000055,50.52941950000007],[7.081135100000039,50.52927070000004],[7.080911488000027,50.529189114000076]]]},"properties":{"event_type":"5-Flood","obj_desc":"Riverine flood","det_method":"Photo-interpretation","notation":"Flood trace","dmg_src_id":4,"area":0.394143786212,"evidence_source":"Copernicus EMS agency interpretation","evidence_layer":"observedEventA","source_product_id":"EMSR517_AOI15_GRA_PRODUCT_r1_RTP01_v1","observed_at":"2021-07-18T10:50:00Z","available_at":null,"product_metadata_date":"2021-07-19","timestamp_precision_note":"Product map scene time; individual feature observation times are not provided."}},{"type":"Feature","id":"cems-flood-44","geometry":{"type":"Polygon","coordinates":[[[7.08332840600002,50.530368354000075],[7.083422134000045,50.53045080800007],[7.083472248000021,50.53050398700003],[7.083475,50.53059],[7.083976300000074,50.530767400000066],[7.084762500000067,50.53106850000006],[7.085389600000042,50.53133470000006],[7.085635037000031,50.53142518400006],[7.08600290000004,50.531560800000086],[7.08618750000005,50.531569],[7.086433400000033,50.531583100000034],[7.086646530000053,50.53160478400008],[7.086647430000029,50.53156879200002],[7.086620288000064,50.531547524000075],[7.086560741000028,50.53151977300007],[7.086260959000072,50.53143155500004],[7.08608638000004,50.531363242000054],[7.085934759000054,50.531304231000036],[7.08579689000004,50.531251394000044],[7.085660585000028,50.53115991300007],[7.085518895000064,50.53108619200003],[7.085366916000055,50.53103609800007],[7.085238375000074,50.53098341400005],[7.085133034000024,50.53093408700005],[7.085026730000038,50.53090854100003],[7.084901650000063,50.53088566100008],[7.084795948000022,50.53084525100007],[7.08470053700006,50.53078121400006],[7.084591616000068,50.53070505500005],[7.084486517000073,50.53064978200007],[7.084357256000033,50.53061493400003],[7.084176815000036,50.53057626800006],[7.084047314000031,50.530547365000075],[7.08393204500004,50.530512746000056],[7.083784491000073,50.53046867200005],[7.083683335000046,50.530431311000044],[7.083484119000047,50.530395310000074],[7.08332840600002,50.530368354000075]]]},"properties":{"event_type":"5-Flood","obj_desc":"Riverine flood","det_method":"Photo-interpretation","notation":"Flood trace","dmg_src_id":4,"area":0.596646887234,"evidence_source":"Copernicus EMS agency interpretation","evidence_layer":"observedEventA","source_product_id":"EMSR517_AOI15_GRA_PRODUCT_r1_RTP01_v1","observed_at":"2021-07-18T10:50:00Z","available_at":null,"product_metadata_date":"2021-07-19","timestamp_precision_note":"Product map scene time; individual feature observation times are not provided."}},{"type":"Feature","id":"cems-flood-45","geometry":{"type":"Polygon","coordinates":[[[7.064628500000027,50.53215810000005],[7.064751200000046,50.53170860000006],[7.064896,50.53143460000006],[7.065164679000077,50.53131981200005],[7.065216200000066,50.53129780000007],[7.065620500000023,50.53119340000006],[7.066174200000034,50.53114270000003],[7.066246798000066,50.53113758200004],[7.066853600000059,50.53109480000006],[7.06757380600004,50.53107696600006],[7.06773118800004,50.531019211000064],[7.067882566000036,50.53096937000004],[7.068101684000055,50.530906375000036],[7.068289011000047,50.53089044600006],[7.068467127000076,50.530917199000044],[7.068719,50.530967300000036],[7.068787274000044,50.53093290600004],[7.068984400000033,50.53083360000005],[7.069098698000063,50.530663083000036],[7.069076596000059,50.53061576900005],[7.06903684100007,50.53053066600006],[7.068996730000038,50.53041577400006],[7.068964503000074,50.530291746000046],[7.068946646000028,50.53022302500006],[7.068979118000073,50.53011563700005],[7.069036594000067,50.52998808500007],[7.069206500000064,50.529934],[7.069312600000045,50.529577900000056],[7.06939710000006,50.52942790000003],[7.069457200000045,50.52930160000005],[7.06946793800006,50.529279055000075],[7.069499400000041,50.529213],[7.069631100000038,50.52902310000007],[7.06983740000004,50.52892310000004],[7.070303184000068,50.52878077300005],[7.070284195000056,50.52869027500003],[7.06987410000005,50.52875730000005],[7.069571100000076,50.52885670000007],[7.069218600000057,50.528962],[7.069168,50.52915260000003],[7.06908720000007,50.52933030000003],[7.068806300000062,50.52975660000004],[7.068766100000062,50.52990330000006],[7.06887925500007,50.52993876800008],[7.068892343000073,50.53004637500004],[7.068808818000036,50.53029552600004],[7.06858150000005,50.53041510000003],[7.068228500000032,50.53056720000007],[7.067839200000037,50.53070550000006],[7.067474,50.53080040000003],[7.067035100000054,50.530873400000075],[7.066691700000034,50.53092740000005],[7.066353329000037,50.53097021000007],[7.066235310000025,50.530930355000066],[7.06600069500007,50.53091574800005],[7.065753721000021,50.53092949300002],[7.065602032000072,50.530941250000076],[7.065443141000061,50.53099215300006],[7.065356567000037,50.531054967000046],[7.065282645000025,50.53108229500003],[7.065254955000058,50.53107469500003],[7.065240062000044,50.53102804300005],[7.065208235000058,50.53098467900002],[7.065125455000042,50.53095474700007],[7.064916049000032,50.53100837900007],[7.064754530000072,50.531123490000034],[7.064700220000021,50.53121896600004],[7.064641043000051,50.53129651300003],[7.064636712000038,50.531539172000066],[7.064492175000054,50.531786640000064],[7.064328316000058,50.53195882400007],[7.064209959000039,50.53211391800005],[7.064055345000043,50.532197016000055],[7.063845641000057,50.532257781000055],[7.063716042000068,50.53227704300008],[7.063637835000065,50.532272172000035],[7.063518069000054,50.532188079000036],[7.063391684000067,50.53212886300003],[7.063000084000065,50.53199363500005],[7.062703549000048,50.53197462900005],[7.062535066000065,50.53198610300007],[7.062438800000052,50.53207430000004],[7.062557180000056,50.53211658700008],[7.062639129000046,50.53214586100006],[7.063282,50.53237550000006],[7.063744,50.53250920000005],[7.064255,50.53250040000006],[7.064405683000075,50.53242058700005],[7.064479100000029,50.53238170000004],[7.064628500000027,50.53215810000005]]]},"properties":{"event_type":"5-Flood","obj_desc":"Riverine flood","det_method":"Photo-interpretation","notation":"Flood trace","dmg_src_id":4,"area":2.06773847796,"evidence_source":"Copernicus EMS agency interpretation","evidence_layer":"observedEventA","source_product_id":"EMSR517_AOI15_GRA_PRODUCT_r1_RTP01_v1","observed_at":"2021-07-18T10:50:00Z","available_at":null,"product_metadata_date":"2021-07-19","timestamp_precision_note":"Product map scene time; individual feature observation times are not provided."}},{"type":"Feature","id":"cems-flood-46","geometry":{"type":"Polygon","coordinates":[[[7.067187895000075,50.53150927400003],[7.067538612000021,50.53151509700007],[7.067844169000067,50.531529688000035],[7.068084122000073,50.53150511500007],[7.068280079000034,50.53146077200005],[7.068514123000056,50.53139802400006],[7.068822398000066,50.53134602600006],[7.069011900000021,50.53135510000004],[7.069228845000055,50.531267098000065],[7.069344271000034,50.531183343000066],[7.069368793000024,50.531131396000035],[7.069364826000027,50.531045660000075],[7.069099399000038,50.53117846300006],[7.068789555000023,50.53123601400006],[7.068420613000058,50.531310802000064],[7.067617120000024,50.531421212000055],[7.067123263000042,50.53144632800007],[7.066496450000045,50.53143591800005],[7.066091942000071,50.53146727300003],[7.065752258000032,50.53155681800007],[7.065379612000072,50.53172196500003],[7.065308235000032,50.53179651900007],[7.065634101000058,50.53170715700003],[7.066048407000039,50.531618852000065],[7.06640165400006,50.53156284800007],[7.066895901000065,50.53152822200008],[7.067187895000075,50.53150927400003]]]},"properties":{"event_type":"5-Flood","obj_desc":"Riverine flood","det_method":"Photo-interpretation","notation":"Flood trace","dmg_src_id":4,"area":0.360677018734,"evidence_source":"Copernicus EMS agency interpretation","evidence_layer":"observedEventA","source_product_id":"EMSR517_AOI15_GRA_PRODUCT_r1_RTP01_v1","observed_at":"2021-07-18T10:50:00Z","available_at":null,"product_metadata_date":"2021-07-19","timestamp_precision_note":"Product map scene time; individual feature observation times are not provided."}},{"type":"Feature","id":"cems-flood-47","geometry":{"type":"Polygon","coordinates":[[[7.061319200000071,50.53263050000004],[7.06149190000002,50.53263630000003],[7.061650200000031,50.53264820000004],[7.061727600000041,50.53265840000005],[7.06191320000005,50.532683],[7.062370900000076,50.53274950000008],[7.06261040000004,50.532781200000045],[7.062798100000066,50.53279830000008],[7.062932300000057,50.532805100000076],[7.063057200000061,50.53280660000007],[7.06323,50.532805100000076],[7.063522300000045,50.53279320000008],[7.063718800000061,50.532780900000034],[7.063763622000068,50.53277646600003],[7.06368173800007,50.53270273600003],[7.063408167000035,50.53263631200008],[7.063135207000073,50.532573229000036],[7.063008713000045,50.532543995000026],[7.062791299000025,50.53243418600005],[7.062434800000062,50.53235670000004],[7.062219660000039,50.53223969900006],[7.062163682000062,50.532209256000044],[7.062108600000045,50.53217930000005],[7.06183930000003,50.53206180000007],[7.061176900000021,50.53187690000004],[7.060790674000033,50.53180742600006],[7.060656,50.53178320000006],[7.060294300000066,50.53175440000007],[7.059990755000059,50.531794096000056],[7.059653500000024,50.53183820000004],[7.059207300000025,50.531998100000074],[7.058928200000025,50.53221550000006],[7.058678600000064,50.53239670000005],[7.058660900000064,50.53244790000008],[7.058759200000053,50.53256660000005],[7.059073700000057,50.532814],[7.059205800000029,50.53304250000008],[7.059233833000065,50.533091013000046],[7.05925974400003,50.53313585300003],[7.059299700000054,50.533205],[7.059346538000056,50.53337366000006],[7.059352990000036,50.53339689400008],[7.059499,50.533381400000046],[7.059530100000075,50.533317700000055],[7.059577,50.53325460000008],[7.059692100000063,50.533144400000026],[7.05984090000004,50.533032],[7.059925803000056,50.53297811600004],[7.059984600000063,50.53294080000006],[7.060158800000068,50.532854500000035],[7.060310600000038,50.53279330000004],[7.060443200000066,50.532754],[7.060781100000043,50.53267040000003],[7.061153900000022,50.532638],[7.061319200000071,50.53263050000004]]]},"properties":{"event_type":"5-Flood","obj_desc":"Riverine flood","det_method":"Photo-interpretation","notation":"Flood trace","dmg_src_id":4,"area":2.75947677872,"evidence_source":"Copernicus EMS agency interpretation","evidence_layer":"observedEventA","source_product_id":"EMSR517_AOI15_GRA_PRODUCT_r1_RTP01_v1","observed_at":"2021-07-18T10:50:00Z","available_at":null,"product_metadata_date":"2021-07-19","timestamp_precision_note":"Product map scene time; individual feature observation times are not provided."}},{"type":"Feature","id":"cems-flood-48","geometry":{"type":"Polygon","coordinates":[[[7.05941690000003,50.53445020000004],[7.059273700000063,50.53415780000006],[7.059079200000042,50.53368340000003],[7.059004100000037,50.53333260000005],[7.058946722000031,50.53326074300003],[7.058738800000071,50.53334370000003],[7.058374700000058,50.53347170000007],[7.05793140000003,50.533583],[7.057642,50.53362670000007],[7.057805119000022,50.53387231800008],[7.057948019000037,50.534029384000064],[7.05800892000002,50.534137488000056],[7.058069333000048,50.534257482000044],[7.058103227000061,50.53434133800005],[7.058089992000021,50.53443630600004],[7.058031094000057,50.53450671500008],[7.057946164000043,50.53452909500004],[7.057853371000021,50.53451564800008],[7.057660655000064,50.53443509200008],[7.057523908000063,50.53435546900005],[7.05746964900004,50.53431291800007],[7.057325100000072,50.53433450000005],[7.057617,50.53463840000006],[7.057857400000045,50.53485930000005],[7.058085167000059,50.53502103100004],[7.058128500000066,50.53505180000008],[7.058395300000029,50.53514460000008],[7.058717800000067,50.53513490000006],[7.058895700000051,50.53511190000007],[7.059051493000027,50.53504892400008],[7.059212600000023,50.534983800000084],[7.059369700000047,50.53479390000007],[7.059464200000035,50.53461980000004],[7.05941690000003,50.53445020000004]]]},"properties":{"event_type":"5-Flood","obj_desc":"Riverine flood","det_method":"Photo-interpretation","notation":"Flood trace","dmg_src_id":4,"area":1.83841992536,"evidence_source":"Copernicus EMS agency interpretation","evidence_layer":"observedEventA","source_product_id":"EMSR517_AOI15_GRA_PRODUCT_r1_RTP01_v1","observed_at":"2021-07-18T10:50:00Z","available_at":null,"product_metadata_date":"2021-07-19","timestamp_precision_note":"Product map scene time; individual feature observation times are not provided."}},{"type":"Feature","id":"cems-flood-49","geometry":{"type":"Polygon","coordinates":[[[7.050906400000031,50.533791],[7.051075500000024,50.53362360000006],[7.051099900000053,50.53360280000004],[7.051141966000047,50.53357004500003],[7.050968289000024,50.53351216500005],[7.050941184000068,50.533445079000046],[7.050951587000044,50.533373862000076],[7.051006568000048,50.53330815000004],[7.051092377000032,50.533219157000076],[7.051162282000065,50.53315369500007],[7.051298759000076,50.53310362600008],[7.051472155000056,50.53306369400008],[7.051578586000061,50.533017881000035],[7.051634937000075,50.53291887600005],[7.051652997000076,50.53284302700007],[7.051700906000065,50.53276767700004],[7.05180007000007,50.53271698300006],[7.051936545000046,50.53266691300007],[7.051982494000072,50.53263912600004],[7.051999378000062,50.53259181400006],[7.051925932000073,50.53256202800003],[7.051755086000071,50.532540131000076],[7.051575601000025,50.53254664500008],[7.051432840000075,50.532568053000034],[7.051318752000042,50.532618497000044],[7.05115046700007,50.53271562800006],[7.051028720000034,50.53277070300003],[7.050916590000043,50.53277358500003],[7.050607884000045,50.53265418800003],[7.050400511000022,50.53261264000008],[7.050168203000055,50.53263254600006],[7.049254881000024,50.53286949400007],[7.048394573000054,50.53326914500007],[7.048286371000075,50.53335776100004],[7.048227068000074,50.53352810600006],[7.048090981000029,50.533749519000025],[7.048028729000066,50.53381034800003],[7.047832155000037,50.533868924000046],[7.04735279700003,50.53390371900009],[7.047076885000024,50.53389433000007],[7.046729101000039,50.53381710300005],[7.04648736300004,50.533703579000075],[7.046164523000072,50.53356489600004],[7.04536156100005,50.53311830500007],[7.044761261000076,50.53282741500004],[7.044571965000046,50.53271000800004],[7.044288808000034,50.53251487300008],[7.044050624000021,50.53231573300008],[7.043893737000076,50.532136997000066],[7.043832678000058,50.531988428000034],[7.043837400000029,50.53187428000007],[7.043826214000035,50.531783662000066],[7.043785968000066,50.53167351900004],[7.043773616000068,50.53143057900007],[7.043773827000052,50.53124496400005],[7.043762701000048,50.53121827200005],[7.043831868000042,50.53106936300002],[7.043779452000024,50.53089238200004],[7.04358378400002,50.53073647600007],[7.043497011000056,50.53053591100007],[7.04323686500004,50.530146022000054],[7.04318661700006,50.52991672400004],[7.043077858000061,50.529657885000056],[7.043046454000034,50.52951457300003],[7.043051964000028,50.52938140100008],[7.043056294000053,50.52927676600006],[7.04317663200004,50.52913222200005],[7.043057943000066,50.52900685000003],[7.042947647000062,50.528890343000064],[7.042951500000072,50.52908050000008],[7.042764800000043,50.52955280000003],[7.042716659000065,50.529794595000055],[7.042640900000038,50.530175100000065],[7.042582,50.53048750000005],[7.042505300000073,50.530874800000035],[7.042631100000051,50.53114840000006],[7.042851577000022,50.53171016500004],[7.042870900000025,50.531759400000055],[7.043096696000021,50.532089996000074],[7.043110700000057,50.532110500000044],[7.043590300000061,50.532561600000065],[7.044187900000053,50.53291520000005],[7.044453265000073,50.53305233000004],[7.044850300000064,50.53325750000005],[7.045490434000044,50.53358758200006],[7.045662100000072,50.53367610000004],[7.046527,50.534074600000054],[7.047024300000033,50.53421580000002],[7.047751,50.534424200000046],[7.047794491000048,50.53442489600006],[7.048332300000027,50.534433500000034],[7.048585,50.53446690000004],[7.049074500000074,50.534427],[7.049371,50.534379200000046],[7.049611100000051,50.53434320000007],[7.049864600000035,50.53424950000005],[7.050529,50.53399470000005],[7.050906400000031,50.533791]]]},"properties":{"event_type":"5-Flood","obj_desc":"Riverine flood","det_method":"Photo-interpretation","notation":"Flood trace","dmg_src_id":4,"area":6.79701937517,"evidence_source":"Copernicus EMS agency interpretation","evidence_layer":"observedEventA","source_product_id":"EMSR517_AOI15_GRA_PRODUCT_r1_RTP01_v1","observed_at":"2021-07-18T10:50:00Z","available_at":null,"product_metadata_date":"2021-07-19","timestamp_precision_note":"Product map scene time; individual feature observation times are not provided."}},{"type":"Feature","id":"cems-flood-50","geometry":{"type":"Polygon","coordinates":[[[7.048029832000053,50.53622111700009],[7.048204863000023,50.53627759600005],[7.048353873000053,50.536286044000065],[7.048533322000025,50.53623550800007],[7.04900587000003,50.535868623000056],[7.049112162000029,50.53578116500007],[7.049173283000073,50.53565725400006],[7.049205929000038,50.53554476400007],[7.049192914000059,50.53540771100006],[7.049275144000034,50.53522466100003],[7.049420708000071,50.535090266000054],[7.049560386000054,50.535098556000044],[7.049726577000059,50.53514298600004],[7.049857172000031,50.535145174000036],[7.050009611000064,50.53507038600004],[7.050005677000058,50.53493943600006],[7.050020460000042,50.53478792100004],[7.050012,50.534604800000075],[7.050201800000025,50.53453440000004],[7.050864371000046,50.53428840300007],[7.051051300000041,50.534219],[7.051729300000033,50.53396230000005],[7.052205700000059,50.533810800000026],[7.052586366000071,50.53389221200007],[7.053019151000059,50.53403628600006],[7.053387132000069,50.53416737600003],[7.053690798000048,50.534273592000034],[7.053966480000043,50.534379340000044],[7.054268925000031,50.53451528000005],[7.05449674600004,50.53464997300006],[7.054649210000036,50.53480125400006],[7.055144408000047,50.53524382800003],[7.055544094000027,50.53551227500003],[7.056199358000072,50.53592182300008],[7.056389389000061,50.536067779000064],[7.056459862000054,50.536170094000056],[7.056588994000037,50.53620794600005],[7.056700202000059,50.53622765100005],[7.056831534000025,50.53621199500003],[7.057019081000021,50.536191329000076],[7.057148946000041,50.53621134400004],[7.057539500000074,50.53626390000005],[7.058077900000058,50.53638360000008],[7.058310900000038,50.536329300000034],[7.058622600000035,50.536228],[7.058789200000036,50.53616820000008],[7.059023,50.53608610000004],[7.059283100000072,50.535989800000046],[7.059466800000052,50.53587430000005],[7.05966440000003,50.535648800000054],[7.059849900000074,50.535338800000034],[7.059919,50.53512770000003],[7.059903457000075,50.53507351000008],[7.059860200000061,50.53492270000004],[7.059763,50.53487990000008],[7.059630900000058,50.534849800000075],[7.059685700000045,50.534771700000086],[7.059549300000071,50.53477550000007],[7.059455,50.534903],[7.059278100000028,50.53503540000003],[7.059241084000064,50.535054396000085],[7.059012700000039,50.53517160000007],[7.058656900000074,50.53524150000005],[7.058379800000067,50.53523160000003],[7.058136,50.53515660000006],[7.057961100000057,50.53506540000007],[7.057887279000057,50.535015317000045],[7.057697700000062,50.53488670000007],[7.057508046000066,50.534718112000064],[7.057397,50.53461940000006],[7.057019600000046,50.534257],[7.056457400000056,50.53379350000006],[7.056373972000074,50.53371780100008],[7.05632756600005,50.53367569400007],[7.05626335200003,50.53361742800008],[7.056172400000036,50.53353490000006],[7.056030900000052,50.533463700000034],[7.055608200000052,50.53328],[7.055028400000026,50.53298140000003],[7.054358100000059,50.53272530000004],[7.054036323000048,50.53260761300004],[7.053849,50.532539100000065],[7.053499100000067,50.53252410000005],[7.053283978000024,50.532595033000064],[7.052870100000065,50.53273150000007],[7.051989500000047,50.53321250000005],[7.051604200000043,50.533503600000074],[7.051470283000072,50.533622255000076],[7.051374300000021,50.53370730000006],[7.051065600000071,50.53390470000005],[7.050686300000052,50.53408960000007],[7.050230300000067,50.534262],[7.04965240000007,50.53444820000005],[7.049157,50.53452690000006],[7.04840420000005,50.53456190000003],[7.047867600000075,50.53452070000004],[7.047232700000052,50.53441820000006],[7.046850492000033,50.53431472800003],[7.046701900000074,50.53427450000004],[7.046375600000033,50.53416960000004],[7.045599200000026,50.53380480000004],[7.045466300000045,50.53374290000006],[7.045373483000049,50.533699684000055],[7.045239500000037,50.533637300000066],[7.044366800000033,50.533217500000035],[7.043608,50.532777700000054],[7.043146100000059,50.53240540000007],[7.042847300000062,50.53205680000008],[7.042591800000026,50.531652],[7.042545030000042,50.53147006000006],[7.042404512000076,50.53144848900007],[7.042402400000072,50.53144470000006],[7.042381600000056,50.531173300000034],[7.042321400000048,50.530910300000066],[7.042289600000061,50.530678800000025],[7.042284800000061,50.53047880000002],[7.042355500000042,50.52991440000005],[7.042393400000038,50.52954140000002],[7.042435987000034,50.52929917500006],[7.042494,50.52896920000006],[7.042522900000052,50.528615400000035],[7.042511290000051,50.52854314700005],[7.042487879000021,50.52852543900008],[7.042470955000056,50.52851263800005],[7.042311265000023,50.52839185300007],[7.042054052000027,50.52829233800002],[7.041680486000074,50.52829795200006],[7.04128316300006,50.528378202000056],[7.041191059000028,50.52839680400006],[7.041181054000049,50.52840159300006],[7.041061420000061,50.528458862000036],[7.04100075100007,50.52848790300005],[7.040638772000023,50.52866117800005],[7.040583412000047,50.52871215700003],[7.040308848000051,50.52896498800004],[7.040004965000038,50.529090757000056],[7.039790433000064,50.52907800500004],[7.039725649000047,50.52907415400006],[7.039487584000028,50.528963057000055],[7.039217142000041,50.52873242700008],[7.03910079800005,50.52859429800002],[7.038982560000023,50.52845391900007],[7.038932487000067,50.528394469000034],[7.038915565000025,50.52836472700005],[7.038748200000043,50.52839850000004],[7.03838520000005,50.52849590000005],[7.038301200000035,50.52854390000005],[7.038534500000025,50.52889740000006],[7.038717400000053,50.52934130000005],[7.038734852000061,50.529401637000035],[7.038778200000024,50.52955150000008],[7.038909100000069,50.530016800000055],[7.038837800000067,50.53006650000003],[7.038682300000063,50.53028120000005],[7.038658600000076,50.53044790000007],[7.038892231000034,50.53056440700004],[7.039063039000041,50.530721967000034],[7.039202415000034,50.53096228800007],[7.039244575000056,50.53129616000007],[7.039283570000066,50.531481246000055],[7.03938884400003,50.53164365100008],[7.039536605000023,50.531681836000075],[7.039675531000056,50.53170797300004],[7.039848318000054,50.53181797100006],[7.039976931000069,50.531867731000034],[7.040255899000045,50.531808116000036],[7.040516100000047,50.53216320000007],[7.040375500000039,50.532215],[7.040525500000057,50.53238440000007],[7.04065520000006,50.53254620000006],[7.040701666000076,50.53286752000008],[7.040718800000037,50.532986],[7.04110970000005,50.53375410000007],[7.041355500000065,50.53426160000004],[7.041506600000048,50.53435960000007],[7.041437100000052,50.534388800000045],[7.041397100000041,50.53448560000004],[7.04143970000007,50.53453120000005],[7.04145033800006,50.53453958900008],[7.04171260000004,50.53474640000007],[7.04185220000005,50.534963300000065],[7.04194670000004,50.53503080000007],[7.042056800000069,50.53510350000005],[7.042068900000061,50.53524110000006],[7.042799500000058,50.53539730000006],[7.043341099000031,50.53541771000004],[7.04344005400003,50.53569786100007],[7.043511974000069,50.53576451300006],[7.043688,50.53584840000008],[7.044417600000031,50.53600490000008],[7.044360479000034,50.53614568900008],[7.044715300000065,50.53622430000007],[7.044794336000051,50.53635719400006],[7.04500495700006,50.53645592000004],[7.045355505000032,50.53655699600006],[7.045501074000072,50.53664868000004],[7.045581348000042,50.536739297000054],[7.046430900000074,50.536696],[7.046915400000047,50.536628800000074],[7.047236700000042,50.536515300000076],[7.047421617000055,50.536419142000064],[7.047774,50.536235900000065],[7.048029832000053,50.53622111700009]]]},"properties":{"event_type":"5-Flood","obj_desc":"Riverine flood","det_method":"Photo-interpretation","notation":"Flood trace","dmg_src_id":4,"area":36.766684269,"evidence_source":"Copernicus EMS agency interpretation","evidence_layer":"observedEventA","source_product_id":"EMSR517_AOI15_GRA_PRODUCT_r1_RTP01_v1","observed_at":"2021-07-18T10:50:00Z","available_at":null,"product_metadata_date":"2021-07-19","timestamp_precision_note":"Product map scene time; individual feature observation times are not provided."}},{"type":"Feature","id":"cems-flood-51","geometry":{"type":"Polygon","coordinates":[[[7.040463249000026,50.52388686300003],[7.040882886000077,50.524120002000075],[7.040906717000041,50.52414715900005],[7.04096572900005,50.524214408000034],[7.041103595000038,50.524371514000045],[7.041148424000028,50.52398590600007],[7.041164700000023,50.523845900000026],[7.041233500000033,50.52361730000007],[7.041310200000054,50.52333480000004],[7.041384377000043,50.52317953400006],[7.041485100000045,50.522968700000035],[7.041705300000046,50.5226],[7.042053200000055,50.52216510000005],[7.042155400000071,50.52197140000004],[7.042195958000037,50.52174754600003],[7.042255700000054,50.52141780000006],[7.042249800000036,50.52109410000002],[7.042175100000065,50.52085790000007],[7.042041568000058,50.520660632000045],[7.04197460000006,50.52056170000003],[7.041744600000072,50.520338],[7.041485100000045,50.520033100000035],[7.041268900000034,50.51980060000005],[7.040997600000026,50.51930070000003],[7.040960019000067,50.51921375200004],[7.040840400000035,50.518937],[7.040877700000068,50.51859330000008],[7.04087940100004,50.51824829800006],[7.04088082000004,50.51796060400005],[7.040451268000027,50.51783009800005],[7.040181981000045,50.51748288300007],[7.040041456000039,50.51727110000007],[7.039962185000036,50.51702227200008],[7.039971249000075,50.51680349000003],[7.040013697000063,50.51649959800005],[7.039991740000063,50.51630885000003],[7.039664028000061,50.51557037200007],[7.03954907000002,50.51510200800005],[7.039319042000045,50.51488871600003],[7.039070944000058,50.51475127100009],[7.038773171000059,50.514686761000064],[7.038395557000058,50.51461257400007],[7.038188709000052,50.514605518000046],[7.037955665000027,50.51455518500006],[7.037841140000069,50.51448186200008],[7.037728600000036,50.51440560000003],[7.037452931000075,50.51439321600003],[7.037063689000036,50.51432953800003],[7.036907193000047,50.514323329000035],[7.036777485000073,50.51434612800006],[7.036749500000041,50.514399300000036],[7.036356800000021,50.51434390000002],[7.03625420000003,50.514347100000066],[7.035765700000069,50.51443130000007],[7.035535925000034,50.514491160000034],[7.034793,50.514684700000025],[7.034537173000047,50.51475555400003],[7.034739208000075,50.514971708000076],[7.034830474000046,50.51502084400005],[7.035128107000048,50.515043717000026],[7.035491010000044,50.51506769100007],[7.035760177000043,50.51510198100004],[7.035925300000031,50.51516210000006],[7.036001100000021,50.51503760000003],[7.036038,50.514931],[7.036086811000075,50.51470771700008],[7.03631282300006,50.51482573800006],[7.036560381000073,50.51493105400004],[7.036566005000053,50.51502038800004],[7.036609665000071,50.51509251700003],[7.036690869000039,50.515159330000074],[7.036865316000047,50.51522771500003],[7.037247363000062,50.51524010800006],[7.037506961000076,50.51528018200003],[7.037738341000022,50.51532572800005],[7.037932750000039,50.51533367400003],[7.03798510000007,50.515418700000055],[7.038045300000022,50.515553200000056],[7.038086200000065,50.51568430000003],[7.038126200000023,50.51584680000008],[7.038153800000032,50.515966400000075],[7.038161600000024,50.516034500000046],[7.038158800000076,50.51611980000007],[7.038150894000068,50.51615970300003],[7.038414114000034,50.51638727300008],[7.038647272000048,50.516358386000036],[7.038803287000064,50.516320489000066],[7.038852700000064,50.51639960000006],[7.038890200000026,50.516651],[7.038947349000068,50.516952427000035],[7.039077200000065,50.51763730000004],[7.039091348000055,50.517717367000046],[7.039113600000064,50.51784330000004],[7.039334,50.519089],[7.039390153000056,50.519399114000066],[7.039431200000022,50.51962580000003],[7.039556400000037,50.520389700000074],[7.039401995000048,50.520403591000054],[7.03900950000002,50.52043890000004],[7.038914900000066,50.520443],[7.038866153000072,50.52023699800002],[7.037985210000046,50.52033777400004],[7.038012600000058,50.52052390000006],[7.037106100000075,50.520598200000045],[7.037120200000061,50.521046600000034],[7.037161894000064,50.52137996700003],[7.037166200000058,50.521414400000026],[7.037291,50.521800400000075],[7.037687,50.52313440000006],[7.03781433100005,50.52350086900003],[7.037856829000021,50.52362318000007],[7.037983,50.52398630000005],[7.038593,50.523933],[7.038665800000047,50.524192],[7.038720200000058,50.524425800000074],[7.03877,50.52486120000003],[7.038805968000077,50.52509132200004],[7.039035687000023,50.52500509200007],[7.039392546000045,50.52495161000007],[7.039544621000061,50.52494995800004],[7.039822042000026,50.52494694500006],[7.04005079600006,50.52483181100008],[7.040149970000073,50.52469069700005],[7.040174033000028,50.524546849000046],[7.040199591000033,50.52439406600007],[7.040171647000022,50.52416752100004],[7.04019725400002,50.52411425000008],[7.040273775000061,50.52395506500005],[7.040463249000026,50.52388686300003]]]},"properties":{"event_type":"5-Flood","obj_desc":"Riverine flood","det_method":"Photo-interpretation","notation":"Flood trace","dmg_src_id":4,"area":22.1202436982,"evidence_source":"Copernicus EMS agency interpretation","evidence_layer":"observedEventA","source_product_id":"EMSR517_AOI15_GRA_PRODUCT_r1_RTP01_v1","observed_at":"2021-07-18T10:50:00Z","available_at":null,"product_metadata_date":"2021-07-19","timestamp_precision_note":"Product map scene time; individual feature observation times are not provided."}},{"type":"Feature","id":"cems-flood-52","geometry":{"type":"Polygon","coordinates":[[[7.041688629000021,50.51669603200003],[7.04150383600006,50.516702139000074],[7.041442387000076,50.516743940000026],[7.041410186000064,50.51680051200003],[7.041453741000055,50.51701066100003],[7.041465860000073,50.51743921700006],[7.041463497000052,50.51749629100004],[7.041390452000031,50.51763784600007],[7.041406925000048,50.517780907000024],[7.041443020000032,50.51799093100004],[7.041461856000069,50.51807691900006],[7.041453586000046,50.518276677000074],[7.041454155000054,50.518443268000055],[7.041448642000034,50.51857644000006],[7.041451967000057,50.51867644500004],[7.041455883000027,50.51876218100005],[7.041452732000039,50.51883828000007],[7.04143485900005,50.518909371000056],[7.041377520000025,50.51903215200008],[7.041325080000036,50.51921688900006],[7.041327983000031,50.519573299000044],[7.041510700000059,50.51980560000004],[7.041722915000038,50.52003899000004],[7.041822004000038,50.520147965000035],[7.041829327000073,50.52015001700005],[7.041780276000053,50.519892180000056],[7.041710049000073,50.51942457100006],[7.041692809000039,50.51911967500008],[7.041672025000024,50.518900390000056],[7.041709740000043,50.518710646000045],[7.041880552000065,50.51855169800007],[7.041953341000067,50.51853936900005],[7.041905500000041,50.518488],[7.041816200000029,50.51831710000005],[7.041777700000069,50.51812890000007],[7.041747800000052,50.517892800000034],[7.041742800000065,50.51740180000007],[7.041715454000041,50.51713503700006],[7.041698700000041,50.51697160000004],[7.041688629000021,50.51669603200003]]]},"properties":{"event_type":"5-Flood","obj_desc":"Riverine flood","det_method":"Photo-interpretation","notation":"Flood trace","dmg_src_id":4,"area":0.818005644993,"evidence_source":"Copernicus EMS agency interpretation","evidence_layer":"observedEventA","source_product_id":"EMSR517_AOI15_GRA_PRODUCT_r1_RTP01_v1","observed_at":"2021-07-18T10:50:00Z","available_at":null,"product_metadata_date":"2021-07-19","timestamp_precision_note":"Product map scene time; individual feature observation times are not provided."}},{"type":"Feature","id":"cems-flood-53","geometry":{"type":"Polygon","coordinates":[[[7.028435900000034,50.516165200000046],[7.028479600000026,50.5162],[7.028908800000067,50.515955200000064],[7.029058936000069,50.51589225200007],[7.029264769000065,50.515624856000045],[7.029387157000031,50.515509131000044],[7.029489939000029,50.515460897000025],[7.029636139000047,50.51544552400003],[7.029771893000031,50.51541212600006],[7.02986833700004,50.515381632000064],[7.029972158000021,50.515308428000026],[7.030102168000042,50.51527850200006],[7.030214950000072,50.51525899300003],[7.030459132000033,50.51521258500002],[7.030778261000023,50.515175716000044],[7.030988981000064,50.515187585000035],[7.031471200000055,50.51504680000005],[7.032050100000048,50.51499990000008],[7.03245620000007,50.51497990000007],[7.03271710000007,50.514925],[7.033708100000069,50.51473230000005],[7.034050700000022,50.514647400000065],[7.03429090000003,50.51458790000004],[7.035138900000049,50.51435370000007],[7.035869718000072,50.514115693000065],[7.036092,50.514043300000026],[7.035951545000045,50.51399007300006],[7.035892228000023,50.51393552800005],[7.035878600000046,50.51376940000006],[7.035974727000052,50.513701326000046],[7.036092800000064,50.51368904000003],[7.036236921000068,50.51372359900006],[7.036523,50.513791400000066],[7.036614525000061,50.51379779200005],[7.036749382000039,50.513785788000064],[7.036830219000024,50.513726469000055],[7.036843035000061,50.51368741900007],[7.036809581000056,50.51363950400008],[7.036732066000069,50.51352848500005],[7.036712501000068,50.51346033200008],[7.036676597000053,50.51338119500008],[7.036678965000022,50.51332412100004],[7.03673630000003,50.51325860000002],[7.036677050000036,50.51318246900008],[7.036752756000055,50.51316473400005],[7.036836375000063,50.51317328400006],[7.036963712000044,50.51320755800004],[7.037049077000064,50.51330894700004],[7.037082760000033,50.513438139000066],[7.03710703400003,50.51353124000008],[7.037126452000051,50.51360295900008],[7.037124233000043,50.51365646600004],[7.037128199000051,50.51369579800007],[7.037148653000031,50.51374254800004],[7.037175441000046,50.51377155700004],[7.03723005300003,50.513804604000036],[7.037296002000062,50.513834273000036],[7.037317671000039,50.51388758000007],[7.037407,50.51388410000004],[7.038101400000074,50.51380250000005],[7.038616900000021,50.51375430000007],[7.039153400000032,50.513726200000065],[7.039805200000046,50.51378480000006],[7.040222,50.51387990000006],[7.040270628000029,50.51390141100006],[7.040313480000065,50.51384317800006],[7.040286739000067,50.51381298100006],[7.040213994000056,50.51376713600007],[7.040085306000037,50.51372034900004],[7.039914906000036,50.51366691000004],[7.039702057000056,50.51362465500006],[7.039470190000032,50.51359100200005],[7.039308377000054,50.51355555500004],[7.039194045000045,50.51350008500003],[7.039110272000074,50.51338266100004],[7.039031700000066,50.51320830000003],[7.038600800000041,50.51321150000007],[7.038570400000025,50.51305660000003],[7.037887600000033,50.51299080000006],[7.037879700000076,50.51276940000008],[7.037859300000036,50.512708700000076],[7.037695500000041,50.51253660000003],[7.037643400000036,50.51246750000007],[7.037656500000026,50.51236830000005],[7.037573300000076,50.51235620000005],[7.037321300000031,50.512231800000045],[7.037027200000069,50.51230950000007],[7.036809,50.512189500000034],[7.036569800000051,50.51211680000006],[7.035921,50.51190440000005],[7.035579400000074,50.511804],[7.035299500000065,50.511734800000056],[7.034949400000073,50.51169360000006],[7.03454890000006,50.51167380000004],[7.034057200000063,50.51168880000006],[7.033932700000037,50.511751100000026],[7.033809911000048,50.51177143600005],[7.033749264000051,50.511872700000026],[7.033190253000043,50.51203151100003],[7.033048180000038,50.512039333000075],[7.032988361000037,50.51196525200004],[7.032642,50.51206850000006],[7.031905949000077,50.51222804100007],[7.031938376000028,50.512341836000076],[7.031306638000046,50.51256813400005],[7.031031289000054,50.51272767800003],[7.030884399000058,50.512856372000044],[7.030953609000051,50.51289056500008],[7.03102270000005,50.512924700000035],[7.031057600000054,50.512982700000066],[7.031095200000038,50.51304410000006],[7.031054900000072,50.51308340000003],[7.031012,50.51318570000007],[7.03101470000007,50.51329140000007],[7.030948539000065,50.513401886000054],[7.030862600000034,50.513545400000055],[7.030152100000066,50.51329750000008],[7.029840900000067,50.51365280000005],[7.02953363000006,50.51400166800005],[7.029508500000077,50.514030200000036],[7.029232700000023,50.514318],[7.029142336000064,50.51439735100007],[7.028787200000068,50.51470920000002],[7.028535891000047,50.51495019900005],[7.028916035000066,50.515126345000056],[7.028963414000032,50.51519853900004],[7.028950442000053,50.515241155000076],[7.028851323000027,50.515335855000046],[7.028610896000032,50.51573157900003],[7.028355911000063,50.51607351200005],[7.028326511000047,50.516220127000054],[7.028435900000034,50.516165200000046]]]},"properties":{"event_type":"5-Flood","obj_desc":"Riverine flood","det_method":"Photo-interpretation","notation":"Flood trace","dmg_src_id":4,"area":16.601559753,"evidence_source":"Copernicus EMS agency interpretation","evidence_layer":"observedEventA","source_product_id":"EMSR517_AOI15_GRA_PRODUCT_r1_RTP01_v1","observed_at":"2021-07-18T10:50:00Z","available_at":null,"product_metadata_date":"2021-07-19","timestamp_precision_note":"Product map scene time; individual feature observation times are not provided."}},{"type":"Feature","id":"cems-flood-54","geometry":{"type":"Polygon","coordinates":[[[7.028883515000075,50.517470311000075],[7.029365099000074,50.517109607000066],[7.029596316000039,50.51693504100007],[7.029827284000021,50.51676642000007],[7.030103882000049,50.51662236900006],[7.030893895000076,50.51624903000004],[7.031143009000061,50.51609261200008],[7.031285,50.515955500000075],[7.031266100000039,50.51554880000003],[7.031623234000051,50.51546502000007],[7.031954100000064,50.515387400000066],[7.033020348000036,50.51515028100005],[7.032778261000034,50.51513862300004],[7.03215965100003,50.51520550600002],[7.031370483000046,50.51533494500006],[7.03086202700007,50.51544533000003],[7.030671527000038,50.515425702000066],[7.029814544000033,50.51573143300004],[7.029573878000066,50.51590542500003],[7.02937724000003,50.516146019000075],[7.029184562000069,50.51629149000007],[7.029090849000057,50.51634530800004],[7.029197762000023,50.516422599000066],[7.029249994000054,50.51651272400005],[7.029186309000068,50.516603850000074],[7.02908560000003,50.51670180000008],[7.029080504000035,50.51675535200007],[7.029121922000059,50.516805514000055],[7.029238633000035,50.51686723800003],[7.029101800000035,50.51696920000006],[7.027821901000038,50.51764360400006],[7.027300963000074,50.51760413100004],[7.027084913000066,50.51788421400005],[7.027086800000064,50.518108100000056],[7.026885030000073,50.51818011600005],[7.026732114000026,50.51826676300005],[7.026595616000065,50.51840723300006],[7.026303619000033,50.51891987500006],[7.026014243000078,50.51959319200006],[7.026059651000025,50.51967963100003],[7.026191343000051,50.51955455000006],[7.026244268000028,50.51950428200007],[7.026317480000046,50.51931514400007],[7.026364701000033,50.51907797100007],[7.026509039000075,50.51897333100004],[7.026692411000057,50.51882770600008],[7.026739502000054,50.518806968000035],[7.026939569000035,50.518718859000046],[7.027029666000033,50.51851573100003],[7.027089334000038,50.518427502000065],[7.02717722400007,50.51833380200003],[7.027530420000063,50.51814346000003],[7.028170293000073,50.517791393000046],[7.028883515000075,50.517470311000075]]]},"properties":{"event_type":"5-Flood","obj_desc":"Riverine flood","det_method":"Photo-interpretation","notation":"Flood trace","dmg_src_id":4,"area":2.74958324722,"evidence_source":"Copernicus EMS agency interpretation","evidence_layer":"observedEventA","source_product_id":"EMSR517_AOI15_GRA_PRODUCT_r1_RTP01_v1","observed_at":"2021-07-18T10:50:00Z","available_at":null,"product_metadata_date":"2021-07-19","timestamp_precision_note":"Product map scene time; individual feature observation times are not provided."}},{"type":"Feature","id":"cems-flood-55","geometry":{"type":"Polygon","coordinates":[[[7.023239778000062,50.521710345000024],[7.023076094000032,50.52160761600004],[7.022887943000057,50.52155444600003],[7.022631756000068,50.521521537000076],[7.022499856000024,50.52146218200004],[7.022225464000031,50.52132901400005],[7.022029406000059,50.52119717700003],[7.021910488000059,50.52109520700003],[7.021824545000072,50.52100807500005],[7.021693543000026,50.52092731700003],[7.021641470000076,50.520833623000044],[7.02156671900002,50.52074668100005],[7.021413039000038,50.52067267700005],[7.021148353000058,50.52057536700005],[7.020838011000023,50.52049869800003],[7.020817568000041,50.52071966600005],[7.02096408400007,50.520964891000055],[7.02118013100005,50.52115418400007],[7.021210121000024,50.52124036400006],[7.021208928000021,50.52126890100004],[7.021050173000049,50.521316176000035],[7.020872022000049,50.52129172900004],[7.020684771000049,50.521217153000066],[7.020564363000062,50.52115085200007],[7.020304195000051,50.52108923900005],[7.02030110000004,50.52136530000007],[7.020324300000027,50.52156460000003],[7.020545200000071,50.52166630000004],[7.020629400000076,50.521681],[7.021115400000043,50.52175060000007],[7.021634035000033,50.52174594600007],[7.021717100000046,50.521745200000055],[7.022392500000023,50.52179870000005],[7.022960600000033,50.52190170000006],[7.023444965000067,50.52202766100004],[7.023378211000022,50.52192510100008],[7.023239778000062,50.521710345000024]]]},"properties":{"event_type":"5-Flood","obj_desc":"Riverine flood","det_method":"Photo-interpretation","notation":"Flood trace","dmg_src_id":4,"area":1.42564098879,"evidence_source":"Copernicus EMS agency interpretation","evidence_layer":"observedEventA","source_product_id":"EMSR517_AOI15_GRA_PRODUCT_r1_RTP01_v1","observed_at":"2021-07-18T10:50:00Z","available_at":null,"product_metadata_date":"2021-07-19","timestamp_precision_note":"Product map scene time; individual feature observation times are not provided."}},{"type":"Feature","id":"cems-flood-56","geometry":{"type":"Polygon","coordinates":[[[7.021705,50.518787],[7.021623100000057,50.51860350000004],[7.021561879000046,50.518537219000045],[7.021566935000067,50.51870896300005],[7.021470256000043,50.51887866100003],[7.021290025000042,50.51890415400004],[7.021124444000066,50.518879207000055],[7.021140200000048,50.518921800000044],[7.021148900000071,50.519020500000074],[7.021146100000068,50.519108],[7.021113800000023,50.51922330000008],[7.021068800000023,50.51932880000004],[7.020985500000052,50.519474800000076],[7.020683600000041,50.51995560000006],[7.02062920000003,50.52003010000004],[7.020450400000072,50.52027450000003],[7.020600744000035,50.52025019500008],[7.020639700000062,50.52019080000008],[7.020880700000022,50.51986820000007],[7.02105030000007,50.51973770000006],[7.021328600000061,50.519538100000034],[7.021660300000065,50.51929310000003],[7.02174960000002,50.519123800000045],[7.02175260000007,50.51892980000008],[7.021705,50.518787]]]},"properties":{"event_type":"5-Flood","obj_desc":"Riverine flood","det_method":"Photo-interpretation","notation":"Flood trace","dmg_src_id":4,"area":0.425905243472,"evidence_source":"Copernicus EMS agency interpretation","evidence_layer":"observedEventA","source_product_id":"EMSR517_AOI15_GRA_PRODUCT_r1_RTP01_v1","observed_at":"2021-07-18T10:50:00Z","available_at":null,"product_metadata_date":"2021-07-19","timestamp_precision_note":"Product map scene time; individual feature observation times are not provided."}},{"type":"Feature","id":"cems-flood-57","geometry":{"type":"Polygon","coordinates":[[[7.022263833000068,50.517611103000036],[7.021860013000037,50.51744955700008],[7.021380605000047,50.51731052200006],[7.020753003000038,50.51714516800006],[7.020365354000035,50.51704338500008],[7.019993369000076,50.517013260000056],[7.018403282000065,50.51621278300007],[7.016891100000065,50.51520220000004],[7.016598900000075,50.514851],[7.016359400000055,50.51443120000006],[7.016174,50.513986800000055],[7.016083200000025,50.514013800000036],[7.016016084000058,50.51403081500007],[7.016020240000046,50.514103698000035],[7.015978956000026,50.514198184000065],[7.015888450000034,50.514220438000045],[7.015838031000044,50.514176743000064],[7.015799693000075,50.51408567500005],[7.015763360000052,50.51399937000008],[7.015698023000027,50.51395542000006],[7.015602053000067,50.51392998700004],[7.015394112000024,50.513934111000026],[7.015269098000033,50.51418608100005],[7.015216,50.51429310000003],[7.01512051700007,50.514559546000044],[7.015110102000052,50.51458861000003],[7.015045868000072,50.51476785400007],[7.015016,50.51485120000007],[7.014965737000068,50.515218420000046],[7.015120254000068,50.515429385000054],[7.015197795000063,50.515716276000035],[7.015185174000067,50.51574350500004],[7.015247600000065,50.51585110000008],[7.015476,50.516129700000086],[7.016017800000044,50.51650120000005],[7.016724100000033,50.516859200000056],[7.017603100000031,50.51722050000006],[7.018219200000033,50.51739610000004],[7.018614900000045,50.51746540000005],[7.019239,50.51757010000006],[7.019719600000031,50.51766460000004],[7.019934700000022,50.51767310000008],[7.020277300000032,50.51775750000007],[7.020509600000025,50.51782880000008],[7.020558270000038,50.517853280000054],[7.020886602000076,50.51784069000007],[7.021305838000046,50.517990603000044],[7.021498301000065,50.518208051000045],[7.02154301400003,50.518348580000065],[7.021552,50.51835310000007],[7.021902800000021,50.51852950000006],[7.021925,50.51862440000008],[7.022092600000065,50.51886120000006],[7.022444881000069,50.518637467000076],[7.022599048000075,50.518521099000054],[7.022605012000042,50.518378416000076],[7.022565960000065,50.51797319700005],[7.022263833000068,50.517611103000036]]]},"properties":{"event_type":"5-Flood","obj_desc":"Riverine flood","det_method":"Photo-interpretation","notation":"Flood trace","dmg_src_id":4,"area":7.72198275309,"evidence_source":"Copernicus EMS agency interpretation","evidence_layer":"observedEventA","source_product_id":"EMSR517_AOI15_GRA_PRODUCT_r1_RTP01_v1","observed_at":"2021-07-18T10:50:00Z","available_at":null,"product_metadata_date":"2021-07-19","timestamp_precision_note":"Product map scene time; individual feature observation times are not provided."}},{"type":"Feature","id":"cems-flood-58","geometry":{"type":"Polygon","coordinates":[[[7.011774849000062,50.51521427200004],[7.011766098000066,50.51531837400007],[7.011753100000021,50.515412],[7.011466895000069,50.51564912600003],[7.01180305400004,50.51603768800004],[7.011838617000024,50.51625723100006],[7.011770547000026,50.51645596700007],[7.01149021300006,50.516731987000064],[7.011244048000037,50.51681],[7.011173400000076,50.51689640000006],[7.011029400000041,50.51712790000005],[7.010854900000027,50.51731670000004],[7.011301,50.51715750000005],[7.012032,50.516781500000036],[7.012103742000023,50.51672343000007],[7.012188900000068,50.51665450000007],[7.01243480000005,50.516481200000044],[7.012644100000045,50.51631830000008],[7.012766500000055,50.51615220000008],[7.012769971000068,50.516135818000066],[7.012641503000054,50.515980616000036],[7.012094972000058,50.515485814000044],[7.011774849000062,50.51521427200004]]]},"properties":{"event_type":"5-Flood","obj_desc":"Riverine flood","det_method":"Photo-interpretation","notation":"Flood trace","dmg_src_id":4,"area":1.00479054066,"evidence_source":"Copernicus EMS agency interpretation","evidence_layer":"observedEventA","source_product_id":"EMSR517_AOI15_GRA_PRODUCT_r1_RTP01_v1","observed_at":"2021-07-18T10:50:00Z","available_at":null,"product_metadata_date":"2021-07-19","timestamp_precision_note":"Product map scene time; individual feature observation times are not provided."}},{"type":"Feature","id":"cems-flood-59","geometry":{"type":"Polygon","coordinates":[[[6.998849300000075,50.51946830000003],[6.998761300000069,50.51945550000005],[6.99865570000003,50.51947340000003],[6.998467520000077,50.519452106000074],[6.998657251000053,50.51955531800008],[6.999374241000055,50.51990080900003],[7.00010091300004,50.520194107000066],[7.000337824000042,50.52024101300004],[7.000507623000033,50.52021276900007],[7.000392255000065,50.520189594000044],[7.000103209000029,50.520044278000064],[6.999977491000038,50.51993497400008],[6.999904903000072,50.51988613200007],[6.999655086000074,50.51979140800006],[6.999375400000076,50.519724300000064],[6.999351300000058,50.519700500000056],[6.99894770000003,50.519502400000086],[6.998849300000075,50.51946830000003]]]},"properties":{"event_type":"5-Flood","obj_desc":"Riverine flood","det_method":"Photo-interpretation","notation":"Flood trace","dmg_src_id":4,"area":0.250512529557,"evidence_source":"Copernicus EMS agency interpretation","evidence_layer":"observedEventA","source_product_id":"EMSR517_AOI15_GRA_PRODUCT_r1_RTP01_v1","observed_at":"2021-07-18T10:50:00Z","available_at":null,"product_metadata_date":"2021-07-19","timestamp_precision_note":"Product map scene time; individual feature observation times are not provided."}},{"type":"Feature","id":"cems-flood-60","geometry":{"type":"Polygon","coordinates":[[[6.99694813600007,50.517667129000074],[6.996903029000065,50.517740719000074],[6.996911227000054,50.51787769600003],[6.996940465000023,50.51795851600008],[6.996938073000023,50.518014993000065],[6.996926358000053,50.518071311000035],[6.996871400000032,50.518127400000026],[6.997678500000064,50.51857480000007],[6.997928450000075,50.51869759300007],[6.997998094000024,50.51865494000003],[6.997949324000047,50.51859460800006],[6.997729543000048,50.51827551100007],[6.997612097000057,50.518184250000054],[6.997461010000051,50.51811620700005],[6.997357049000073,50.518037077000024],[6.997249055000055,50.51794300300003],[6.997182896000027,50.51785262400006],[6.997152651000023,50.517795585000044],[6.997144837000064,50.51775975400006],[6.99694813600007,50.517667129000074]]]},"properties":{"event_type":"5-Flood","obj_desc":"Riverine flood","det_method":"Photo-interpretation","notation":"Flood trace","dmg_src_id":4,"area":0.300064580399,"evidence_source":"Copernicus EMS agency interpretation","evidence_layer":"observedEventA","source_product_id":"EMSR517_AOI15_GRA_PRODUCT_r1_RTP01_v1","observed_at":"2021-07-18T10:50:00Z","available_at":null,"product_metadata_date":"2021-07-19","timestamp_precision_note":"Product map scene time; individual feature observation times are not provided."}},{"type":"Feature","id":"cems-flood-61","geometry":{"type":"Polygon","coordinates":[[[7.011477236000076,50.51771368500005],[7.011509455000066,50.51774636200002],[7.011579488000052,50.51781181100006],[7.011669004000055,50.51781334100008],[7.011889298000028,50.51776712900004],[7.011982261000071,50.51768661600005],[7.012047701000029,50.51759492400003],[7.012123579000046,50.517521258000045],[7.012220938000041,50.517469377000054],[7.012338876000057,50.517460682000035],[7.012494779000065,50.51748119300004],[7.01260667300005,50.517483104000064],[7.012798392000037,50.51745068100007],[7.01306099200002,50.51733022800005],[7.013091363000057,50.51727363300006],[7.013122632000033,50.517195635000064],[7.013154350000036,50.51710693600006],[7.013202852000064,50.51701852400004],[7.013255900000047,50.51695517700006],[7.013314843000046,50.51688479000006],[7.013335371000038,50.51679590100008],[7.013339565000024,50.516696023000065],[7.013342411000053,50.51662824900007],[7.01339076200003,50.51654340400005],[7.013474029000065,50.51642702800007],[7.013520700000072,50.51628670000008],[7.013502709000021,50.51614416800004],[7.013345421000054,50.51609874600007],[7.013074600000039,50.51619210000007],[7.013084165000066,50.516252989000066],[7.013106300000061,50.516393900000025],[7.012997200000029,50.516488],[7.013057084000025,50.51656327100005],[7.013094500000022,50.51661030000008],[7.012936400000058,50.51673990000006],[7.012704100000064,50.516893],[7.012507300000038,50.516995500000064],[7.012316,50.517080700000065],[7.01199710000003,50.517203600000066],[7.011764464000066,50.51728401300005],[7.011115300000029,50.517508400000054],[7.010202917000073,50.517815831000064],[7.010158643000068,50.51785766900008],[7.010104883000055,50.518070926000064],[7.010179027000049,50.518204407000034],[7.010298873000067,50.518175444000065],[7.010544698000047,50.51810851600004],[7.010996930000033,50.51795178100008],[7.011370786000043,50.51771543600005],[7.011477236000076,50.51771368500005]]]},"properties":{"event_type":"5-Flood","obj_desc":"Riverine flood","det_method":"Photo-interpretation","notation":"Flood trace","dmg_src_id":4,"area":1.26596120087,"evidence_source":"Copernicus EMS agency interpretation","evidence_layer":"observedEventA","source_product_id":"EMSR517_AOI15_GRA_PRODUCT_r1_RTP01_v1","observed_at":"2021-07-18T10:50:00Z","available_at":null,"product_metadata_date":"2021-07-19","timestamp_precision_note":"Product map scene time; individual feature observation times are not provided."}},{"type":"Feature","id":"cems-flood-62","geometry":{"type":"Polygon","coordinates":[[[6.997095,50.51686680000006],[6.997681900000032,50.51692220000007],[6.997972003000029,50.51691194800002],[6.998044100000072,50.51690940000003],[6.998439800000029,50.51681990000002],[6.998738200000049,50.51658740000005],[6.998721277000073,50.51650751400007],[6.998715300000072,50.51647930000007],[6.998690002000046,50.516359941000076],[6.99867450000005,50.516286800000046],[6.998537,50.51592850000003],[6.99850983400006,50.51580666800004],[6.998401900000034,50.51532260000004],[6.998449800000061,50.515311300000064],[6.998434900000063,50.51526020000005],[6.998353200000055,50.51519560000003],[6.998339100000067,50.515161],[6.998333200000047,50.515110400000026],[6.998333200000047,50.51502360000007],[6.998285200000055,50.51497950000004],[6.998224500000048,50.51498090000007],[6.998153052000021,50.51514729100006],[6.998220799000023,50.51526625400004],[6.998254678000024,50.51539177300003],[6.998235491000059,50.51558063300007],[6.998141301000032,50.515689671000075],[6.997969996000052,50.515768826000055],[6.998098800000037,50.516068],[6.998118,50.51614290000003],[6.998121400000059,50.51619080000006],[6.998102600000038,50.51625780000006],[6.998093900000073,50.51628640000007],[6.998077800000034,50.51628590000007],[6.998041600000023,50.51628930000005],[6.998022100000072,50.51629870000005],[6.998008700000072,50.516315700000064],[6.997994600000026,50.51634640000003],[6.997977900000024,50.51637970000007],[6.997942300000034,50.516372],[6.997886,50.516364800000076],[6.997639900000024,50.51635120000003],[6.997624533000022,50.51625906000003],[6.99757040000003,50.51621529300007],[6.997470755000051,50.51618859100006],[6.99734087400003,50.516214913000056],[6.997222785000076,50.516227160000035],[6.997129641000072,50.51617915200006],[6.996997185000055,50.51613403700003],[6.996846133000076,50.51613143700007],[6.996782630000041,50.51617674900007],[6.996831616000065,50.516308570000035],[6.996756936000055,50.51638691400006],[6.996689500000059,50.516392893000045],[6.996364110000059,50.516408709000075],[6.996231100000045,50.51657920000008],[6.996244800000057,50.51678380000004],[6.996186918000036,50.516891127000065],[6.996192215000065,50.51703043300005],[6.996178782000073,50.517351864000034],[6.996221130000038,50.51733270900007],[6.996300571000063,50.51729677700007],[6.996301100000039,50.51712880000008],[6.996400800000059,50.51697770000004],[6.996547340000062,50.51693217300004],[6.996689200000048,50.516888100000074],[6.996822750000035,50.51688109000004],[6.997095,50.51686680000006]]]},"properties":{"event_type":"5-Flood","obj_desc":"Riverine flood","det_method":"Photo-interpretation","notation":"Flood trace","dmg_src_id":4,"area":1.52932208659,"evidence_source":"Copernicus EMS agency interpretation","evidence_layer":"observedEventA","source_product_id":"EMSR517_AOI15_GRA_PRODUCT_r1_RTP01_v1","observed_at":"2021-07-18T10:50:00Z","available_at":null,"product_metadata_date":"2021-07-19","timestamp_precision_note":"Product map scene time; individual feature observation times are not provided."}},{"type":"Feature","id":"cems-flood-63","geometry":{"type":"Polygon","coordinates":[[[6.999386900000046,50.51586660000003],[6.999320200000057,50.515877200000034],[6.999256100000025,50.51587790000008],[6.999193300000059,50.51586970000005],[6.999134700000069,50.51585310000008],[6.999083300000051,50.51582870000004],[6.999041400000067,50.515797900000045],[6.999011100000075,50.51576190000003],[6.998993700000029,50.515722700000026],[6.998989900000026,50.51568580000003],[6.998997600000052,50.51564920000005],[6.99901660000006,50.51561420000007],[6.999046,50.51558230000006],[6.999084700000026,50.51555470000006],[6.999140400000043,50.51552910000004],[6.999204,50.51551250000006],[6.999271900000053,50.51550570000006],[6.999340400000052,50.515509200000054],[6.999349321000068,50.51522257900007],[6.999408957000071,50.51487140100006],[6.99943111500005,50.51470044100006],[6.999530678000042,50.51446417700003],[6.999720152000066,50.51421994100007],[7.000030977000051,50.51393019400006],[7.000247870000067,50.51374354100005],[7.000746050000032,50.513598441000056],[7.000624449000044,50.51329650400004],[7.000630635000051,50.513150104000026],[7.000635904000035,50.51302540900008],[7.000643138000044,50.51285419200008],[7.000424197000029,50.51273620300003],[7.000044400000037,50.512715398000076],[6.999618041000076,50.51273662800003],[6.999524103000056,50.51275263300005],[6.99949780000003,50.51276610000008],[6.999344200000053,50.51284070000003],[6.999192800000061,50.51291120000007],[6.999152300000048,50.51292280000007],[6.999106400000073,50.51295870000007],[6.999080800000058,50.51298920000005],[6.998967800000059,50.51306110000007],[6.998885061000066,50.51312010300006],[6.99884510000004,50.51314860000008],[6.998776900000052,50.51318930000008],[6.998706500000025,50.51320960000004],[6.998662800000034,50.51322790000006],[6.998595600000044,50.51327130000004],[6.998517700000035,50.51332690000004],[6.99844310000003,50.513385300000046],[6.998372700000062,50.513440900000035],[6.998364200000027,50.513460500000065],[6.998348200000066,50.51347540000006],[6.998304400000052,50.51348430000007],[6.998304400000051,50.51347410000005],[6.998277800000039,50.51346870000003],[6.99821380000003,50.51351610000007],[6.998199900000031,50.51355140000004],[6.998181800000054,50.51359820000005],[6.998167312000021,50.51362871700007],[6.99841402900006,50.513672585000045],[6.99872609800002,50.51370650800004],[6.998878513000022,50.513809079000055],[6.998893649000023,50.51398068100008],[6.998775729000045,50.51412143800007],[6.998414678000074,50.51418662100008],[6.998102080000023,50.51421627700007],[6.998114600000065,50.51423630000005],[6.998092200000031,50.51423020000004],[6.998066600000072,50.51424240000006],[6.998082600000032,50.51429120000006],[6.998107100000027,50.51432040000003],[6.998205300000051,50.514338],[6.998218100000032,50.51436110000002],[6.998205300000052,50.51441670000003],[6.998219100000028,50.51445810000007],[6.998247900000023,50.51450150000005],[6.998252200000024,50.514551],[6.998300200000075,50.51458890000003],[6.998279900000056,50.514631],[6.998276700000076,50.514692],[6.998320400000067,50.514709],[6.99832680000003,50.51476120000007],[6.998289500000055,50.51480460000005],[6.998325800000031,50.51486360000007],[6.998334300000066,50.514892100000054],[6.998342800000046,50.514926],[6.998431300000049,50.51496730000009],[6.99845270000003,50.51499990000008],[6.998468700000047,50.515104300000075],[6.998474700000031,50.51516470000007],[6.99855720000005,50.51526110000003],[6.998667800000021,50.515659800000044],[6.998869,50.51613110000005],[6.998981400000047,50.51647850000006],[6.998991055000032,50.51650833500004],[6.999011300000063,50.51657090000003],[6.998941100000025,50.51673460000006],[6.998935420000066,50.51679764000005],[6.998926111000059,50.51690096500005],[6.99887697500003,50.51695961300004],[6.998989510000058,50.51694648500006],[6.99908657900005,50.51690174900005],[6.999147504000063,50.516784999000045],[6.999239116000069,50.51660452300007],[6.999365967000074,50.51651746300007],[6.999491762000048,50.51645537300004],[6.999585196000056,50.51636416900004],[6.999629033000077,50.516254264000054],[6.999633256000037,50.51615438700004],[6.99959831700005,50.51605383700007],[6.999555220000047,50.51601383100007],[6.999472811000033,50.51597671800005],[6.999386900000046,50.51586660000003]]]},"properties":{"event_type":"5-Flood","obj_desc":"Riverine flood","det_method":"Photo-interpretation","notation":"Flood trace","dmg_src_id":4,"area":3.55045587632,"evidence_source":"Copernicus EMS agency interpretation","evidence_layer":"observedEventA","source_product_id":"EMSR517_AOI15_GRA_PRODUCT_r1_RTP01_v1","observed_at":"2021-07-18T10:50:00Z","available_at":null,"product_metadata_date":"2021-07-19","timestamp_precision_note":"Product map scene time; individual feature observation times are not provided."}},{"type":"Feature","id":"cems-flood-64","geometry":{"type":"Polygon","coordinates":[[[6.995128327000032,50.51135772200008],[6.994816296000067,50.51153807600008],[6.994518800000037,50.511630800000034],[6.994106800000055,50.51194390000006],[6.994056700000044,50.51196230000005],[6.993945,50.51199190000005],[6.993759,50.512036100000046],[6.993656200000031,50.51217480000008],[6.993978,50.51206890000003],[6.994164,50.512031500000035],[6.994354500000043,50.511964800000044],[6.994529100000022,50.51195160000003],[6.994903300000032,50.511871100000064],[6.99515370000006,50.51172770000005],[6.995128600000044,50.51136190000005],[6.995128327000032,50.51135772200008]]]},"properties":{"event_type":"5-Flood","obj_desc":"Riverine flood","det_method":"Photo-interpretation","notation":"Flood trace","dmg_src_id":4,"area":0.271402360562,"evidence_source":"Copernicus EMS agency interpretation","evidence_layer":"observedEventA","source_product_id":"EMSR517_AOI15_GRA_PRODUCT_r1_RTP01_v1","observed_at":"2021-07-18T10:50:00Z","available_at":null,"product_metadata_date":"2021-07-19","timestamp_precision_note":"Product map scene time; individual feature observation times are not provided."}},{"type":"Feature","id":"cems-flood-65","geometry":{"type":"Polygon","coordinates":[[[6.99463620000006,50.510473],[6.994498849000024,50.510485516000074],[6.994492900000068,50.510625600000026],[6.994705315000033,50.51099159100004],[6.99448267300005,50.51130863100008],[6.994275446000074,50.511619187000065],[6.994421191000072,50.51152650900008],[6.994680475000052,50.51144582400008],[6.994885638000029,50.51131081500006],[6.995043900000042,50.511201300000046],[6.994984411000075,50.51112994700003],[6.994974200000059,50.51111770000006],[6.994904400000053,50.51107510000003],[6.994850800000052,50.51102730000008],[6.994786400000067,50.51093010000005],[6.994770300000027,50.51084650000007],[6.994692500000041,50.51069810000007],[6.994641600000022,50.51056170000004],[6.99463620000006,50.510473]]]},"properties":{"event_type":"5-Flood","obj_desc":"Riverine flood","det_method":"Photo-interpretation","notation":"Flood trace","dmg_src_id":4,"area":0.199869565904,"evidence_source":"Copernicus EMS agency interpretation","evidence_layer":"observedEventA","source_product_id":"EMSR517_AOI15_GRA_PRODUCT_r1_RTP01_v1","observed_at":"2021-07-18T10:50:00Z","available_at":null,"product_metadata_date":"2021-07-19","timestamp_precision_note":"Product map scene time; individual feature observation times are not provided."}},{"type":"Feature","id":"cems-flood-66","geometry":{"type":"Polygon","coordinates":[[[6.988140367000029,50.51706286700004],[6.988340559000051,50.51709488500006],[6.988632084000074,50.517085645000066],[6.988947504000066,50.51704112100004],[6.989344582000057,50.516919475000066],[6.989569881000024,50.51688767100006],[6.990105444000052,50.516932617000066],[6.99034887800002,50.51700107400006],[6.990809112000022,50.51706720000005],[6.990922800000021,50.51682],[6.991222700000036,50.516872700000086],[6.991672,50.516949700000055],[6.991951200000073,50.51700370000003],[6.992065500000024,50.51700630000005],[6.992205800000022,50.517202600000076],[6.992534693000039,50.51721013800005],[6.993169458000068,50.51711637600005],[6.993461184000068,50.51710236800005],[6.993955325000059,50.51706805100008],[6.994352693000052,50.517027305000056],[6.994586759000073,50.51696470500008],[6.99472667400005,50.51683385000007],[6.994783728000073,50.516720605000046],[6.994966986000065,50.51662381300008],[6.995266814000046,50.51647473700007],[6.995337400000039,50.51634950000005],[6.995353,50.51625030000008],[6.995382,50.51617560000005],[6.995398207000051,50.51596015300004],[6.995392558000049,50.51574111900004],[6.995381871000063,50.51564098500006],[6.99531010000004,50.51557311600004],[6.995132981000039,50.51555981000007],[6.995048200000043,50.51559430000003],[6.995022500000062,50.51575060000005],[6.994868500000053,50.515926],[6.99467,50.516144300000065],[6.99461640000004,50.51618870000004],[6.994469306000042,50.516296682000075],[6.994434,50.51632260000007],[6.994265,50.51636780000007],[6.993909600000052,50.51638820000005],[6.993516700000043,50.51641120000005],[6.9934,50.51641210000008],[6.993272600000069,50.516404400000056],[6.993263200000057,50.51638650000007],[6.993157300000065,50.51638570000005],[6.993091600000071,50.51637370000003],[6.993021800000065,50.51634470000005],[6.992942700000071,50.51630380000006],[6.992925300000024,50.516304700000035],[6.992847500000039,50.516278200000045],[6.99270260000003,50.516223600000046],[6.992529600000069,50.516171600000064],[6.992446500000028,50.51616820000004],[6.992337900000052,50.51615630000003],[6.992191700000036,50.51614260000008],[6.992013300000053,50.51612640000007],[6.991841600000044,50.51611360000004],[6.991688800000078,50.51610260000007],[6.99153590000003,50.516106],[6.991396400000042,50.516091500000066],[6.991293100000064,50.51608120000003],[6.991176500000051,50.516079500000046],[6.990967200000057,50.51605570000004],[6.990798300000052,50.516042],[6.990606500000069,50.51604630000003],[6.990573,50.51605990000007],[6.990520700000047,50.51605480000006],[6.990365100000075,50.516073600000034],[6.990196100000048,50.51610260000007],[6.990054,50.51611530000009],[6.989941300000055,50.516134100000045],[6.989813900000058,50.516171600000064],[6.989765600000056,50.516216],[6.989709300000072,50.516218500000036],[6.989431700000068,50.516355],[6.989160800000036,50.51648030000007],[6.989107118000049,50.516498486000046],[6.98921740000003,50.51656110000005],[6.989284200000043,50.51658220000007],[6.988490500000069,50.516795400000035],[6.988087152000048,50.51699769400005],[6.988140367000029,50.51706286700004]]]},"properties":{"event_type":"5-Flood","obj_desc":"Riverine flood","det_method":"Photo-interpretation","notation":"Flood trace","dmg_src_id":4,"area":4.17618379636,"evidence_source":"Copernicus EMS agency interpretation","evidence_layer":"observedEventA","source_product_id":"EMSR517_AOI15_GRA_PRODUCT_r1_RTP01_v1","observed_at":"2021-07-18T10:50:00Z","available_at":null,"product_metadata_date":"2021-07-19","timestamp_precision_note":"Product map scene time; individual feature observation times are not provided."}},{"type":"Feature","id":"cems-flood-67","geometry":{"type":"Polygon","coordinates":[[[6.988087152000048,50.51699769400005],[6.987923836000049,50.517004762000056],[6.98772625600003,50.51704299100003],[6.987422820000063,50.517156732000046],[6.987090905000058,50.51728187800007],[6.986641565000072,50.51731575100007],[6.986063456000068,50.51730574900006],[6.985521284000072,50.517301039000074],[6.985612947000051,50.517359261000074],[6.986182903000041,50.51741423800007],[6.987153078000063,50.517369216000084],[6.987606019000054,50.51723724100003],[6.988140367000029,50.51706286700004],[6.988087152000048,50.51699769400005]]]},"properties":{"event_type":"5-Flood","obj_desc":"Riverine flood","det_method":"Photo-interpretation","notation":"Flood trace","dmg_src_id":4,"area":0.2052483044,"evidence_source":"Copernicus EMS agency interpretation","evidence_layer":"observedEventA","source_product_id":"EMSR517_AOI15_GRA_PRODUCT_r1_RTP01_v1","observed_at":"2021-07-18T10:50:00Z","available_at":null,"product_metadata_date":"2021-07-19","timestamp_precision_note":"Product map scene time; individual feature observation times are not provided."}},{"type":"Feature","id":"cems-flood-68","geometry":{"type":"Polygon","coordinates":[[[6.987709071000039,50.513288517000035],[6.987779034000028,50.513326161000066],[6.987871266000071,50.513383969000074],[6.98814770000007,50.513100200000046],[6.988171535000048,50.51306391800006],[6.988159376000056,50.51289525900006],[6.98813142000006,50.512784712000034],[6.988038453000058,50.51266709200007],[6.987934281000037,50.512483835000076],[6.987814862000051,50.51233006200004],[6.987711562000072,50.51223606000007],[6.987637875000075,50.51210390000006],[6.98744273400007,50.51197558800004],[6.987211438000033,50.51181987900002],[6.986956962000023,50.51166079400008],[6.986715731000061,50.511409722000046],[6.98652867100003,50.51120123300006],[6.986318540000069,50.511096457000065],[6.98615240600003,50.51107593300003],[6.985696597000072,50.51126318400003],[6.985563930000069,50.51139891400004],[6.985363326000027,50.511552505000054],[6.985293500000069,50.511631900000054],[6.985390500000051,50.51164440000008],[6.985467100000052,50.51169890000005],[6.985524282000029,50.51172221500008],[6.98560690000005,50.511755900000026],[6.985725200000047,50.511765],[6.985977900000023,50.51170230000008],[6.986092600000063,50.51171260000007],[6.986159100000066,50.51177690000003],[6.986248336000073,50.51180341700007],[6.986313599000027,50.511804546000064],[6.986450304000073,50.511771215000074],[6.986482809000051,50.51177475200007],[6.986514555000043,50.51179612400006],[6.986507870000026,50.511843604000035],[6.986473214000057,50.511890599000026],[6.986470938000025,50.511944104000065],[6.986527492000049,50.51204027300009],[6.986556961000075,50.512115150000064],[6.986553167000068,50.51220432500003],[6.986559708000073,50.512269881000066],[6.986493053000062,50.51230144900006],[6.986374993000027,50.512335103000055],[6.986303044000067,50.512381453000046],[6.986276953000072,50.51244644500009],[6.986349010000027,50.512507185000054],[6.986497299000064,50.51253057400004],[6.986569736000035,50.512582397000074],[6.986604121000028,50.51265140900006],[6.986611294000056,50.51270210300004],[6.986596803000055,50.51271375100003],[6.986540736000052,50.512715756000034],[6.986377196000034,50.51272185000005],[6.986273373000073,50.51274980100005],[6.986200285000051,50.51282290300003],[6.98612164900004,50.51291673300006],[6.986099712000056,50.51299369500003],[6.986085961000072,50.51309757100006],[6.986090603000037,50.51320771500008],[6.98608604900005,50.51331472500004],[6.986110351000036,50.51340141100008],[6.986078332000033,50.51349604700005],[6.985933796000039,50.51360361000008],[6.985870030000058,50.513676873000065],[6.985850603000074,50.51380444900007],[6.985777006000035,50.51388944100006],[6.98569522400004,50.513947519000055],[6.98569310000005,50.51403310000006],[6.985769667000056,50.51406184600006],[6.985897669000053,50.51412355500003],[6.98594616500003,50.51418983700006],[6.985998186000074,50.51428295300008],[6.986028035000061,50.51434891200006],[6.986598212000047,50.51410592900004],[6.986783187000071,50.51403476200006],[6.987082085000054,50.513807906000075],[6.987313455000049,50.51352336300004],[6.987413376000063,50.513477496000064],[6.987521119000065,50.51335739700005],[6.987589039000056,50.51329610300007],[6.987709071000039,50.513288517000035]]]},"properties":{"event_type":"5-Flood","obj_desc":"Riverine flood","det_method":"Photo-interpretation","notation":"Flood trace","dmg_src_id":4,"area":3.2801788196,"evidence_source":"Copernicus EMS agency interpretation","evidence_layer":"observedEventA","source_product_id":"EMSR517_AOI15_GRA_PRODUCT_r1_RTP01_v1","observed_at":"2021-07-18T10:50:00Z","available_at":null,"product_metadata_date":"2021-07-19","timestamp_precision_note":"Product map scene time; individual feature observation times are not provided."}},{"type":"Feature","id":"cems-flood-69","geometry":{"type":"Polygon","coordinates":[[[6.985760147000064,50.51438894900008],[6.985624288000054,50.51442782400005],[6.985425700000065,50.51449960000008],[6.985352200000023,50.51451620000005],[6.985252400000036,50.51446640000006],[6.985123300000055,50.51445170000006],[6.984854530000064,50.514188789000066],[6.984735347000026,50.514139130000046],[6.984623843000066,50.51412827500007],[6.984511325000028,50.51414120000004],[6.984463694000055,50.51416417300005],[6.984456499000032,50.51422354200008],[6.984477403000028,50.514280423000066],[6.984520730000042,50.514358515000026],[6.984527268000022,50.514424072000054],[6.984510370000065,50.51449219700004],[6.984331928000074,50.51462891700004],[6.984084950000067,50.51473172800007],[6.983863663000022,50.51488852800003],[6.983737513000052,50.515002355000036],[6.983657981000022,50.515116990000074],[6.983586,50.51527340100006],[6.983557,50.51537080000003],[6.983699800000068,50.51531460000007],[6.984138438000059,50.51520132300004],[6.984587700000076,50.515085300000074],[6.985655500000063,50.51492970000004],[6.985844037000049,50.514901182000074],[6.98617777000004,50.51485070100006],[6.986167300000035,50.51484510000006],[6.985970300000076,50.514720200000056],[6.985826011000029,50.51461516900009],[6.985866800000053,50.51459560000006],[6.985896800000035,50.514562400000045],[6.985895500000027,50.51451640000004],[6.985760147000064,50.51438894900008]]]},"properties":{"event_type":"5-Flood","obj_desc":"Riverine flood","det_method":"Photo-interpretation","notation":"Flood trace","dmg_src_id":4,"area":1.04094851583,"evidence_source":"Copernicus EMS agency interpretation","evidence_layer":"observedEventA","source_product_id":"EMSR517_AOI15_GRA_PRODUCT_r1_RTP01_v1","observed_at":"2021-07-18T10:50:00Z","available_at":null,"product_metadata_date":"2021-07-19","timestamp_precision_note":"Product map scene time; individual feature observation times are not provided."}},{"type":"Feature","id":"cems-flood-70","geometry":{"type":"Polygon","coordinates":[[[6.986882200000024,50.51699450000007],[6.98696940000002,50.51699620000006],[6.987122300000067,50.51697410000002],[6.987449500000024,50.51688030000009],[6.987609100000044,50.51680270000002],[6.987931,50.51670370000005],[6.988258200000075,50.51661510000008],[6.988558600000032,50.51650930000005],[6.988728900000069,50.516465800000056],[6.988837600000068,50.51640190000006],[6.988941156000067,50.51638552600008],[6.989026700000069,50.516372],[6.98929350000003,50.51628930000005],[6.989339100000052,50.51625090000005],[6.989567100000046,50.516136700000054],[6.989701200000069,50.51609660000003],[6.990013700000077,50.51604120000007],[6.990271200000052,50.51601980000004],[6.990467,50.51598910000008],[6.990648100000043,50.51595670000007],[6.991067800000052,50.51598910000007],[6.991421900000034,50.515999400000055],[6.991594900000052,50.516017300000044],[6.99178930000005,50.51600190000004],[6.992084400000066,50.51605050000006],[6.992307,50.51605650000005],[6.992489400000069,50.51608210000006],[6.992606100000046,50.516121300000066],[6.992667800000049,50.51612390000009],[6.992693200000076,50.51614770000003],[6.992763,50.51615880000003],[6.992803962000039,50.51617733100005],[6.992927382000061,50.51612099300007],[6.99306870600003,50.51613294900005],[6.993276558000048,50.51616033000005],[6.993508930000075,50.516139295000066],[6.993518839000047,50.51607370800007],[6.992682200000047,50.515955],[6.992053808000037,50.515865836000046],[6.991165600000045,50.51573980000006],[6.990553783000053,50.515685100000034],[6.990464300000042,50.51567710000006],[6.989686600000026,50.515645100000036],[6.98935761200005,50.51563183400003],[6.989009600000031,50.51561780000002],[6.988321700000029,50.51553480000007],[6.98769180000005,50.51540260000007],[6.98713790000005,50.515261600000024],[6.986723400000074,50.51510850000005],[6.986702841000067,50.51509965900004],[6.98658111700007,50.515047310000064],[6.986458600000049,50.515074300000045],[6.986347100000047,50.51514920000005],[6.986013755000044,50.51527335700007],[6.985793187000069,50.51536948900008],[6.985693586000024,50.51542963900005],[6.985557701000062,50.51546536300003],[6.985402800000031,50.515417],[6.985407600000031,50.51537290000004],[6.985428500000069,50.51532370000007],[6.985456900000031,50.51528680000007],[6.985503,50.515247500000044],[6.985556700000076,50.51521670000005],[6.98561760000007,50.515192600000034],[6.985371583000073,50.515202352000074],[6.98452785400002,50.51538288300003],[6.984303972000021,50.51543236600003],[6.984128466000072,50.51547115600005],[6.983933108000031,50.515501088000065],[6.983796209000046,50.51556059000007],[6.983702037000056,50.51566842700004],[6.983637701000021,50.515776781000056],[6.983592,50.51589690000003],[6.983787400000039,50.51610070000004],[6.983817700000031,50.51620570000006],[6.98411740000006,50.516490300000044],[6.984246400000074,50.51657950000004],[6.984352900000032,50.516707200000035],[6.984712300000069,50.51689130000005],[6.985022100000038,50.51692120000007],[6.985468700000069,50.51695190000004],[6.985730200000035,50.51698510000005],[6.985834800000021,50.51696810000004],[6.986205,50.517016700000056],[6.986459800000034,50.517011600000046],[6.986882200000024,50.51699450000007]]]},"properties":{"event_type":"5-Flood","obj_desc":"Riverine flood","det_method":"Photo-interpretation","notation":"Flood trace","dmg_src_id":4,"area":6.96748682125,"evidence_source":"Copernicus EMS agency interpretation","evidence_layer":"observedEventA","source_product_id":"EMSR517_AOI15_GRA_PRODUCT_r1_RTP01_v1","observed_at":"2021-07-18T10:50:00Z","available_at":null,"product_metadata_date":"2021-07-19","timestamp_precision_note":"Product map scene time; individual feature observation times are not provided."}},{"type":"Feature","id":"cems-flood-71","geometry":{"type":"Polygon","coordinates":[[[6.99405620500005,50.51533118500003],[6.993975357000068,50.51544064900003],[6.993936648000045,50.51556134900005],[6.993932716000074,50.515654092000034],[6.993927876000043,50.51576823600004],[6.993999089000056,50.51614184600004],[6.994192668000038,50.51630633800006],[6.99425830000007,50.51629440000005],[6.994309720000047,50.51626172300006],[6.994438,50.516180200000065],[6.994534600000065,50.516094],[6.994597600000077,50.51608460000005],[6.994678100000044,50.516009600000075],[6.994717,50.51591070000006],[6.99467669300003,50.51570851400004],[6.994623469000032,50.51555529300003],[6.994274499000029,50.515335102000044],[6.99405620500005,50.51533118500003]]]},"properties":{"event_type":"5-Flood","obj_desc":"Riverine flood","det_method":"Photo-interpretation","notation":"Flood trace","dmg_src_id":4,"area":0.443263451659,"evidence_source":"Copernicus EMS agency interpretation","evidence_layer":"observedEventA","source_product_id":"EMSR517_AOI15_GRA_PRODUCT_r1_RTP01_v1","observed_at":"2021-07-18T10:50:00Z","available_at":null,"product_metadata_date":"2021-07-19","timestamp_precision_note":"Product map scene time; individual feature observation times are not provided."}},{"type":"Feature","id":"cems-flood-72","geometry":{"type":"Polygon","coordinates":[[[6.989435444000037,50.51098213800003],[6.989471432000072,50.51092564600003],[6.989518001000022,50.51088361500006],[6.989608867000073,50.51085305800006],[6.989649842000063,50.51081093000005],[6.989680691000047,50.510743640000044],[6.989707158000044,50.51064771700004],[6.989726818000065,50.51058023400003],[6.989812998000048,50.51052817800007],[6.989922463000028,50.51045510700004],[6.990014691000056,50.510392446000026],[6.99011160300006,50.51035128500007],[6.990209273000062,50.51029228800007],[6.990312688000074,50.51022982000006],[6.990433793000022,50.51014624100003],[6.990509238000072,50.51008329000007],[6.99056805400005,50.510016483000065],[6.990581968000072,50.50995247000003],[6.990591045000031,50.50987052500005],[6.990405865000072,50.509720611000034],[6.990248940000072,50.50962188300008],[6.990081432000068,50.509611851000045],[6.989900312000032,50.50965869800007],[6.989663360000066,50.50965817400003],[6.989579500000048,50.50973010000007],[6.989381341000068,50.50979608800003],[6.989229346000058,50.50986009400003],[6.989003778000041,50.50989903200007],[6.988717936000057,50.50995120700003],[6.988640320000059,50.51002125800005],[6.988531052000042,50.51013359700005],[6.988289150000072,50.51020556800006],[6.988120820000063,50.51030260800007],[6.988021007000043,50.51054361700005],[6.987911533000045,50.51066071200006],[6.987306539000032,50.511021492000054],[6.987054104000038,50.51113430200007],[6.986957800000028,50.51105040000005],[6.986967200000038,50.51087310000002],[6.986934500000076,50.51075640000004],[6.986871200000053,50.510679700000026],[6.986787900000023,50.510603400000036],[6.98680280700006,50.51051303100007],[6.986855200000036,50.51019540000004],[6.986955700000067,50.50991220000003],[6.986958200000061,50.509879100000035],[6.987081400000023,50.50980240000007],[6.987394401000074,50.50968393800009],[6.987671400000067,50.50957910000005],[6.988162300000057,50.509211],[6.988077800000043,50.50918130000008],[6.98807110000007,50.509141500000055],[6.988160600000071,50.509107200000074],[6.988196600000037,50.50908],[6.988165600000058,50.50901780000004],[6.987942327000042,50.50879689400006],[6.98794920000006,50.50844540000003],[6.987917097000035,50.50824774100005],[6.987845347000075,50.508179867000074],[6.987654674000055,50.508100418000026],[6.987371471000074,50.50809076100006],[6.98703383700007,50.508132517000035],[6.986755260000052,50.50818957100006],[6.986523049000027,50.50820935200005],[6.986315033000039,50.50818671400003],[6.986063888000047,50.508125255000046],[6.985781293000059,50.50810132600003],[6.985541827000076,50.50811621900005],[6.985405153000045,50.50817096700007],[6.985204934000024,50.508491147000036],[6.985106100000053,50.50889150000006],[6.985177700000064,50.50895660000003],[6.985100300000056,50.50903110000007],[6.984668700000043,50.509591200000045],[6.984610900000064,50.50974320000006],[6.984605500000044,50.509896],[6.984646200000044,50.51004890000007],[6.984410897000033,50.51015656800007],[6.984161365000035,50.51056249800007],[6.983895217000053,50.51085297700007],[6.983492178000063,50.51120295700008],[6.983291163000047,50.51136605600004],[6.983033924000039,50.511447270000076],[6.982725488000028,50.51150379700005],[6.982370678000051,50.51159759600006],[6.982065294000052,50.51174863400007],[6.981678900000076,50.511584],[6.981080361000068,50.51132862000003],[6.980632278000029,50.51113743200006],[6.980616500000053,50.51113070000008],[6.979941200000042,50.51083460000007],[6.979803831000026,50.51076299000004],[6.979612600000053,50.51066330000003],[6.979306700000051,50.510474600000066],[6.978973800000063,50.510210700000066],[6.978793200000042,50.51003140000006],[6.978615006000041,50.509809250000046],[6.978864720000047,50.50979954200006],[6.978940928000044,50.50976279000008],[6.979039100000023,50.509736700000076],[6.97911130500006,50.50961820400004],[6.979166800000029,50.50949230000003],[6.979026900000065,50.50940250000008],[6.978720800000076,50.50937710000006],[6.978610600000024,50.50941210000008],[6.978463370000043,50.50923570900006],[6.978426747000071,50.50904469200004],[6.978453591000061,50.50894045000007],[6.978571760000023,50.50879495700008],[6.979567046000056,50.50838388500006],[6.979879578000067,50.50805614500007],[6.980061141000022,50.507498079000065],[6.980223600000046,50.50731310000003],[6.980466772000057,50.50697878900007],[6.98073080000006,50.50661580000008],[6.980791300000021,50.506194],[6.980756729000064,50.506053130000055],[6.980587,50.50536150000005],[6.980497247000073,50.50480184300005],[6.980448600000045,50.50449850000006],[6.98033478900004,50.50432498100008],[6.980048900000043,50.50388910000004],[6.97984450000007,50.50331680000005],[6.979845500000067,50.50295290000008],[6.979962994000061,50.502779297000075],[6.980012913000053,50.50265879600005],[6.97992776800004,50.502293216000055],[6.979922671000054,50.50215034200006],[6.979922500000043,50.50203250000004],[6.980186259000049,50.50121967300004],[6.980660069000066,50.49982146000008],[6.980876078000051,50.49921837000005],[6.980982827000048,50.49907743700004],[6.981155800000066,50.49908680000005],[6.981245900000032,50.49896510000008],[6.981419600000038,50.49880940000003],[6.981741400000034,50.49857],[6.983495600000027,50.497507600000056],[6.983872435000023,50.49734859600006],[6.983859851000034,50.49734613000003],[6.983732910000072,50.49726063900005],[6.983704743000033,50.49704597300007],[6.983920149000028,50.49683571500003],[6.984016158000031,50.496742],[6.984415708000029,50.49655854100007],[6.984793073000048,50.49645798700004],[6.985260097000037,50.49644227700003],[6.985579008000059,50.496400202000075],[6.985715561000063,50.496259781000056],[6.985834991000046,50.49608336600005],[6.985991700000056,50.49590759700004],[6.986290956000062,50.49588897800004],[6.986601773000075,50.496037142000034],[6.986708652000061,50.49616262600006],[6.98679721000002,50.49626660000007],[6.986817909000024,50.49635542500005],[6.986844537000025,50.496469698000055],[6.987772166000069,50.49613733100006],[6.988456858000063,50.49582790200002],[6.988748584000064,50.49554737400007],[6.988919146000057,50.495264751000036],[6.988960396000039,50.49462022300003],[6.988614707000067,50.494198408000045],[6.988386279000053,50.49396997900004],[6.988214957000025,50.49379865800007],[6.988043636000044,50.49365589100006],[6.987743824000063,50.49352740000006],[6.987415458000044,50.493413185000065],[6.987172753000039,50.49334180200003],[6.986858665000057,50.49329897100006],[6.986673067000027,50.49328469500006],[6.986401808000038,50.493256141000074],[6.986216210000065,50.493256141000074],[6.986002059000043,50.493256141000074],[6.985716523000064,50.493256141000074],[6.985402434000036,50.49318475700005],[6.985159729000031,50.49311337300003],[6.984859917000051,50.49311337300002],[6.984688596000069,50.49309909700003],[6.984488721000048,50.493056266000046],[6.984274570000025,50.49298488300008],[6.984188909000068,50.492884945000064],[6.984046142000068,50.492770731000064],[6.983889097000031,50.49259941000008],[6.983774883000025,50.49245664200004],[6.983546455000067,50.49234242800003],[6.983336985000051,50.49203021000005],[6.982955095000023,50.49223777000003],[6.982596399000045,50.49233864100006],[6.982575635000045,50.49254706200003],[6.982651778000046,50.49279452600007],[6.982651778000046,50.49294681100008],[6.98258515300006,50.493022954000025],[6.981209210000031,50.49277546400003],[6.981207600000061,50.49277890000008],[6.980955,50.49274050000008],[6.980321500000061,50.492626700000066],[6.979718800000057,50.492529200000035],[6.97899250000006,50.492437400000036],[6.978922312000066,50.49242612000006],[6.978587658000038,50.49240429400004],[6.978048482000078,50.49239023000006],[6.977493106000055,50.49237574000006],[6.977158615000065,50.49232489900004],[6.97710619000003,50.492293526000026],[6.977101300000072,50.49229060000005],[6.976286800000024,50.49214730000006],[6.97580350000004,50.49202990000003],[6.975368600000024,50.491892],[6.974940300000071,50.491719300000064],[6.974620654000035,50.49154286500004],[6.974301500000024,50.49136670000007],[6.973972201000039,50.49114882500004],[6.973562237000067,50.49083385000005],[6.972886470000049,50.49031988600006],[6.972844051000037,50.49029222200006],[6.972618300000022,50.490071700000044],[6.972538553000049,50.489972547000036],[6.972392700000056,50.48979120000007],[6.971965100000034,50.48922370000008],[6.972166334000064,50.489142334000064],[6.97211552400006,50.489073049000076],[6.972020346000021,50.48896835200003],[6.971906132000073,50.488863656000035],[6.971772882000039,50.488701853000066],[6.971668186000044,50.48854004900005],[6.971601561000058,50.488425835000044],[6.971563489000062,50.48833065700007],[6.971573007000075,50.48819740700003],[6.971601561000057,50.48810222900005],[6.971639632000063,50.48788331800006],[6.971745518000033,50.48756447000005],[6.971780832000036,50.487462246000064],[6.97187527500006,50.487435994000066],[6.971905600000071,50.48729530000003],[6.972046400000067,50.48684220000007],[6.972100900000044,50.486749100000054],[6.972150757000065,50.48667191900006],[6.97216750000007,50.486646],[6.972330700000043,50.486501400000066],[6.972614700000065,50.48633670000004],[6.972902400000065,50.486191200000064],[6.973176600000045,50.48609710000005],[6.973439100000064,50.48605680000003],[6.973550294000063,50.486023395000075],[6.973606257000029,50.485985698000036],[6.97361218900005,50.48597235200003],[6.973749024000027,50.485664471000064],[6.973756163000076,50.48527899800007],[6.973577703000046,50.48465795900007],[6.973363552000023,50.48410830300003],[6.972906695000063,50.48318031300005],[6.972721097000033,50.48290905500005],[6.972704056000055,50.48289079700003],[6.972458392000021,50.48240194200008],[6.971619561000067,50.48143541600006],[6.970194109000033,50.48069615600008],[6.970108449000065,50.480624772000056],[6.970037065000041,50.48058194200008],[6.969968315000074,50.48042248000007],[6.969733469000062,50.480332711000074],[6.969357299000023,50.48005961300004],[6.969170847000044,50.479885016000026],[6.969086706000041,50.47975979900008],[6.969165319000069,50.47966598000005],[6.968944892000025,50.479489769000054],[6.968766433000042,50.479347002000054],[6.968566558000021,50.47917568100008],[6.968380960000048,50.47903291300003],[6.968238193000047,50.47887586800005],[6.96811684000005,50.47879020800008],[6.967981211000051,50.47869027100006],[6.967838443000061,50.47851894900004],[6.96748152400005,50.47813347700002],[6.967303064000022,50.47792646400006],[6.967096051000055,50.47771945000005],[6.966946145000064,50.477540991000076],[6.966767686000026,50.47734825500004],[6.966682025000069,50.477248317000026],[6.966539257000022,50.477155518000075],[6.966460735000055,50.47710554900004],[6.966339383000048,50.47706985800005],[6.966246584000032,50.47704844200007],[6.966153785000074,50.476984197000036],[6.966096678000041,50.47689139800008],[6.966089539000052,50.47675576900007],[6.966118093000035,50.476655831000066],[6.966125231000035,50.47658444800004],[6.96606812400006,50.47651306400008],[6.965982463000045,50.47640598800007],[6.96591821800007,50.47631318900006],[6.965853973000037,50.47619183600006],[6.965839696000046,50.47609903700005],[6.965832557000056,50.47600623900007],[6.965861111000039,50.47581350200005],[6.965768312000023,50.475677873000045],[6.965661236000074,50.47557079700004],[6.965532745000075,50.475492275000086],[6.965439946000061,50.47544944500004],[6.965318594000053,50.47542802900006],[6.965097304000039,50.47535664600008],[6.964997367000023,50.47526384700007],[6.964925983000057,50.47515677100006],[6.964833184000042,50.475071110000044],[6.964726108000036,50.47502114200006],[6.964640447000022,50.47500686500007],[6.964330071000064,50.47491454200008],[6.964123057000052,50.47480746600007],[6.963966013000061,50.47468611400006],[6.963851799000054,50.47453620700003],[6.963659063000024,50.47442199300007],[6.963516295000034,50.47437916300004],[6.963409219000027,50.47437916300004],[6.963216483000053,50.47437202500004],[6.963102269000045,50.47436488600005],[6.962802457000066,50.474357748000045],[6.962709658000051,50.474364886000046],[6.962559752000061,50.47439344000003],[6.962431261000064,50.47442199300008],[6.962302770000065,50.474393440000036],[6.962217109000051,50.474364886000046],[6.962045788000069,50.47437916300004],[6.961952989000053,50.47444340900005],[6.961888744000022,50.47457189900007],[6.961561961000029,50.47486367000005],[6.961202126000047,50.474704673000076],[6.96084996600007,50.47461901300005],[6.960250342000052,50.47453335200004],[6.959327111000051,50.47446672700005],[6.958784594000065,50.47449528100003],[6.958565684000063,50.474485763000075],[6.958384844000022,50.474457209000036],[6.958175452000035,50.47442865600004],[6.957937506000064,50.47438106700009],[6.957404507000035,50.47438106700009],[6.956500311000071,50.47429540600007],[6.955634188000033,50.47425733500006],[6.954463493000049,50.47430492400008],[6.95347363700006,50.474333477000066],[6.95320713700005,50.474333477000066],[6.952988227000048,50.474266853000074],[6.952778834000071,50.474238299000035],[6.952569442000025,50.474238299000035],[6.95231246000003,50.474200228000036],[6.952217282000049,50.47419071000007],[6.952064996000048,50.47418119200006],[6.951827050000077,50.47419071000007],[6.951636693000069,50.47419071000007],[6.95137019300006,50.47419071000007],[6.951113212000053,50.474162156000034],[6.950884783000048,50.47410504900006],[6.950818158000062,50.47399083500005],[6.950637319000066,50.47388613900006],[6.950389856000071,50.47376240700004],[6.950142392000033,50.473562532000074],[6.949923481000042,50.47334362200007],[6.949733124000034,50.47313422900004],[6.949561803000051,50.472934354000074],[6.94934289300005,50.472743997000066],[6.949247714000023,50.47258219400004],[6.949171571000023,50.47237280200004],[6.949085911000055,50.47222051600006],[6.949066875000027,50.472039677000055],[6.949066875000028,50.47188739200004],[6.949076393000042,50.47172558800002],[6.94914301800003,50.47164944500001],[6.94921916100003,50.47157330300008],[6.949304821000055,50.47149716000007],[6.949371446000042,50.47142101700007],[6.949476142000037,50.471297285000055],[6.949561803000051,50.47116403500007],[6.949590357000035,50.47105933900007],[6.949656982000022,50.470830911000064],[6.949723606000021,50.47069766100003],[6.949875892000024,50.47055489300004],[6.949980588000074,50.470421644000055],[6.950009142000056,50.47025032200003],[6.950009142000057,50.47013610800008],[6.949999624000044,50.47002189400007],[6.949980588000074,50.46983153700007],[6.949980588000074,50.469650698000066],[6.950009142000055,50.46950793000008],[6.950085284000068,50.46935564500006],[6.950132874000076,50.469184324000025],[6.950189981000051,50.46896541300004],[6.950218534000045,50.46886071700003],[6.950285159000033,50.46870843200003],[6.950342266000064,50.46853711000006],[6.950399373000039,50.46843241400006],[6.950504070000022,50.46827061100004],[6.950637319000066,50.46813736100006],[6.950732498000037,50.46804218300008],[6.951531997000074,50.46666209500006],[6.951617657000043,50.46645270300007],[6.951674764000074,50.46620523900003],[6.951693800000044,50.465872114000035],[6.95171283600007,50.46553899000003],[6.951703318000057,50.46533911500006],[6.951646211000025,50.465101169000036],[6.951560550000067,50.464863223000066],[6.951436818000047,50.464739491000046],[6.951208390000034,50.46445395500007],[6.951037069000051,50.46416842000007],[6.950856230000055,50.463892403000045],[6.950684909000074,50.46368301000007],[6.950494552000066,50.46339747500007],[6.950389856000071,50.463188082000045],[6.950237570000071,50.46297868900006],[6.95011383800005,50.46281688600004],[6.949885410000036,50.46255038700008],[6.949666499000045,50.46237906500005],[6.949162054000054,50.46182703000005],[6.948686161000069,50.46137017400008],[6.94843869700003,50.46102753100007],[6.948295930000029,50.46075151400004],[6.948219787000028,50.46039935400006],[6.948172198000066,50.460218515000065],[6.948086537000052,50.45996153300007],[6.947991359000071,50.45974262300007],[6.947915216000069,50.45957130100004],[6.947886663000078,50.45941901600003],[6.947484534000068,50.45860762000007],[6.946627928000055,50.45703717500004],[6.946461365000062,50.45679922900007],[6.946271009000042,50.45654938600006],[6.94610444600005,50.45637092600003],[6.945961679000049,50.45620436400002],[6.945807014000025,50.45601400700008],[6.94564045100003,50.45588313700006],[6.945220766000035,50.45559388400005],[6.945214892000024,50.45572942800004],[6.94515690000003,50.456035395000065],[6.945041136000043,50.45612616200003],[6.944939638000052,50.456145787000025],[6.944759919000035,50.45616403000008],[6.944569334000049,50.456174942000075],[6.944399242000031,50.45622905100003],[6.944325081000045,50.456391946000046],[6.944241291000025,50.45651897300007],[6.944195356000023,50.45654671900007],[6.944060642000068,50.45655861700004],[6.944344359000069,50.457066919000056],[6.944437158000028,50.45718113300006],[6.944551372000034,50.45726679300003],[6.944858323000061,50.45761657400005],[6.94497967500007,50.45779503400007],[6.945008229000051,50.458123399000044],[6.944979675000071,50.458280444000074],[6.944972537000068,50.45843035000007],[6.94497253700007,50.45855170200008],[6.945022505000055,50.45871588500005],[6.945051059000036,50.458808684000076],[6.945115304000069,50.45893003700007],[6.945165273000043,50.45900855900004],[6.945215242000075,50.45905852700008],[6.945343733000073,50.45910135800004],[6.945479362000071,50.45912277300004],[6.945636406000063,50.45912277300004],[6.945786312000052,50.45912277300004],[6.945900526000059,50.45912991100005],[6.946036156000047,50.45916560300003],[6.946107540000072,50.459208434000054],[6.946257446000062,50.45930837100008],[6.946464459000027,50.45947255400005],[6.946571534000043,50.45967242800003],[6.946721440000032,50.45992227200003],[6.94687134700007,50.460172115000034],[6.947221127000034,50.46072177100006],[6.947599462000028,50.46141419400004],[6.947792198000059,50.46175683600006],[6.947840441000039,50.46182920100006],[6.948648245000073,50.46259441100006],[6.94897531600003,50.463008925000054],[6.949421132000055,50.463590457000066],[6.949555344000033,50.46380175000007],[6.949612486000035,50.46387693600008],[6.949755253000035,50.46406967200005],[6.949876606000033,50.46421957800003],[6.949962266000058,50.46437662300008],[6.950083619000054,50.46456222100005],[6.95019783300006,50.46470498800005],[6.950312047000068,50.46491200200006],[6.950426261000075,50.465104738000036],[6.950497645000041,50.46536885800003],[6.950519060000034,50.46583999100005],[6.95049050700004,50.46643961600006],[6.950276355000028,50.46728194500009],[6.950033650000023,50.46793153800007],[6.949933713000064,50.46798150600006],[6.949783807000075,50.46796722900007],[6.949719561000052,50.467902984000034],[6.949605347000045,50.467895846000026],[6.949562517000062,50.46789584600003],[6.949483995000038,50.467938676000074],[6.949247857000045,50.468105119000036],[6.949128884000061,50.46817055400004],[6.949075346000028,50.46822409200008],[6.949045603000059,50.468325219000064],[6.949051551000025,50.46842634600006],[6.949087243000066,50.46853937100008],[6.949134833000074,50.468646447000026],[6.949188370000059,50.46878921400002],[6.949259754000024,50.46891413600008],[6.949307344000033,50.46900336600004],[6.949313292000055,50.469074750000054],[6.949313292000057,50.46911639000007],[6.949289498000041,50.46919967100008],[6.949233933000072,50.46920553700005],[6.949235111000064,50.46926208600007],[6.94902647300006,50.469301245000054],[6.948371994000069,50.469388759000026],[6.948349610000037,50.469401926000046],[6.948236586000065,50.469538745000065],[6.948117613000021,50.46969340900006],[6.948117613000023,50.469782639000066],[6.948165202000041,50.469859972000044],[6.948188997000045,50.47000273900005],[6.948153305000062,50.470365607000076],[6.948123562000035,50.47051432400008],[6.948135459000071,50.470585707000055],[6.948206843000037,50.47063924500003],[6.948218740000073,50.47063924500003],[6.948319867000066,50.47062139900004],[6.948426943000072,50.470579759000024],[6.948492378000026,50.47056191300004],[6.948575659000027,50.47059165600007],[6.948617300000024,50.47067493700007],[6.948659466000038,50.47089419900004],[6.948441791000049,50.471208055000034],[6.948356130000036,50.47127943900005],[6.948234778000029,50.47132227000003],[6.948134840000023,50.47132227000003],[6.948049180000054,50.47129371600005],[6.94795638100004,50.47127943900006],[6.947906412000067,50.47130085400005],[6.947863582000025,50.47135082300009],[6.947856443000035,50.47148645200008],[6.947863582000024,50.47164349700006],[6.947863582000026,50.47183623300003],[6.947813613000052,50.47202183100006],[6.947792198000059,50.472178875000054],[6.947735091000028,50.47235733500003],[6.947663707000062,50.472528656000065],[6.947592323000038,50.472671424000055],[6.947535216000063,50.47277136100007],[6.947528078000063,50.47285702200003],[6.947499524000023,50.47300692800008],[6.94747810900003,50.473135419000066],[6.947435279000047,50.47335670900003],[6.947513801000071,50.47370648900005],[6.947578046000046,50.47410623900004],[6.947870720000026,50.47445602000005],[6.947963519000041,50.47454881900006],[6.948655942000073,50.47509133600005],[6.948920062000071,50.475326902000056],[6.949205598000049,50.47544825500006],[6.949641039000028,50.47562671400004],[6.950040789000072,50.475655268000025],[6.950461953000059,50.47564813000009],[6.950911671000029,50.47559102300004],[6.951197207000064,50.47557674600006],[6.951889630000039,50.47541970100008],[6.952332210000066,50.47537687100004],[6.952553499000032,50.47536973300002],[6.952781928000036,50.475369733000036],[6.953060325000024,50.475369733000036],[6.953474351000068,50.47538400900004],[6.953981176000071,50.475498224000034],[6.954388064000057,50.475683822000065],[6.954802090000044,50.475912250000086],[6.955080487000031,50.47600504900004],[6.955415991000053,50.47609784800005],[6.955680111000049,50.476133540000035],[6.956529579000062,50.47614067800003],[6.956943605000049,50.476176370000076],[6.957343354000045,50.47629772200003],[6.957528952000075,50.47639766000003],[6.957671720000064,50.47651187400004],[6.957814488000054,50.47664036500004],[6.957992947000037,50.47683310100006],[6.958292759000074,50.477261404000046],[6.958835276000059,50.47774681400006],[6.959156504000021,50.47793241200003],[6.959434901000066,50.47804662600004],[6.95963477500004,50.47806804100003],[6.959856065000054,50.47806090300002],[6.96011304700005,50.47799665800005],[6.96041285900003,50.47796096600006],[6.960612734000051,50.47793241200002],[6.960869716000047,50.47788958200004],[6.96103389800004,50.47786102800005],[6.961262327000043,50.47781819800009],[6.961469340000065,50.47779678300003],[6.961933335000027,50.477732537000065],[6.962211732000072,50.477803921000024],[6.96246871300002,50.47791099700004],[6.962739972000065,50.478053765000034],[6.963682239000036,50.47842496100003],[6.963989189000073,50.478560590000036],[6.96421761700003,50.47871049600008],[6.964424630000053,50.47888181700006],[6.964624505000073,50.47908883000008],[6.964781550000055,50.47923159800007],[6.964995701000021,50.47946002600003],[6.965638155000022,50.480109619000075],[6.96595224400005,50.48046653800003],[6.96643051600006,50.48111613100008],[6.966666083000064,50.48136597400003],[6.96687309600003,50.48155871100004],[6.96706583200006,50.481715755000046],[6.967150200000049,50.48195440000005],[6.96723815000007,50.48200850500007],[6.967397007000045,50.48210623000005],[6.967451305000054,50.482136920000066],[6.967986683000049,50.48238676300008],[6.968436402000065,50.48258663800004],[6.96881473600007,50.48270799000006],[6.969207347000064,50.482822205000055],[6.969635650000043,50.48295069500006],[6.970199582000022,50.48319340000006],[6.970420872000034,50.48330761500006],[6.970585055000072,50.48333616800005],[6.970742099000062,50.48329333800007],[6.970970528000066,50.483279061000076],[6.971184679000032,50.48332189100006],[6.971320308000031,50.48343610500007],[6.971384554000053,50.48362884200003],[6.971341723000022,50.48382871700005],[6.971291755000038,50.484050006000075],[6.971263201000056,50.48417135900007],[6.971213233000072,50.48427843500008],[6.97116326400004,50.48439978700004],[6.971106157000065,50.48441406400008],[6.971034773000042,50.48444975600006],[6.970899144000043,50.48457110800007],[6.97087059000006,50.48474243000004],[6.97086345200006,50.48490661200003],[6.970884867000052,50.48502796500003],[6.970970528000066,50.485135041000035],[6.971027635000041,50.485156456000034],[6.971077603000026,50.485156456000034],[6.971113295000066,50.485127902000045],[6.971206094000024,50.48503510300003],[6.971341723000024,50.48494944300006],[6.971484491000069,50.484992273000046],[6.971534460000044,50.48505651800008],[6.971584429000075,50.485135041000035],[6.971648674000051,50.485277808000035],[6.971677227000043,50.485441991000066],[6.971705781000026,50.485813187000076],[6.971705781000026,50.48604875400008],[6.97163439700006,50.486112999000056],[6.97149876800006,50.48617010600004],[6.971413107000046,50.48618438300008],[6.971277478000047,50.48613441400005],[6.971177541000031,50.486112999000056],[6.971070465000025,50.48608444600006],[6.970970528000066,50.486112999000056],[6.970842037000068,50.48617010600004],[6.970549363000032,50.48619152100008],[6.970442287000027,50.48624149000005],[6.970399457000042,50.48634142700007],[6.970349488000068,50.48649847200006],[6.970306658000028,50.48666979300003],[6.970306658000028,50.48678400700004],[6.970356627000057,50.48691963600004],[6.970399457000042,50.48710523400007],[6.97038518000005,50.48729083200005],[6.970356627000058,50.48781193400004],[6.970263828000044,50.48824737600006],[6.970135337000045,50.48854718800004],[6.969840759000022,50.489458521000074],[6.969769376000046,50.49021519000008],[6.969840759000022,50.490415065000036],[6.969997804000059,50.49065777000004],[6.970211955000025,50.49087192100007],[6.970540321000044,50.49112890300006],[6.972010828000066,50.491728527000085],[6.973566995000056,50.49244236500004],[6.974594923000041,50.49299915900008],[6.975580019000062,50.49342746200006],[6.975822724000067,50.49362733700008],[6.976079706000063,50.49382721200005],[6.97633668800006,50.49415557700007],[6.976679330000024,50.49441255900007],[6.977121910000052,50.494669541000064],[6.977935686000023,50.494955076000046],[6.978592417000073,50.495126397000035],[6.979220595000072,50.49521205800005],[6.980034370000055,50.495169228000066],[6.980505504000064,50.49505501400006],[6.980848146000028,50.49504073700007],[6.981076574000042,50.49504073700007],[6.981404940000062,50.49514067400003],[6.981661922000057,50.49529771900007],[6.981818966000048,50.49532627200006],[6.982047394000062,50.49528344200007],[6.982332930000042,50.49512639700003],[6.982647019000069,50.49501218300003],[6.982918277000067,50.49488369200003],[6.983332303000054,50.49472664800004],[6.983532178000075,50.49464098700009],[6.983917651000071,50.494541050000066],[6.984131802000037,50.494526773000075],[6.984374507000041,50.49449822000003],[6.984702873000061,50.49459815700004],[6.984888471000033,50.49469809400005],[6.985316774000069,50.49501218300003],[6.985445265000067,50.49524061200004],[6.985559479000075,50.49544048600006],[6.985488095000052,50.49556897700006],[6.985288220000029,50.49565463800007],[6.984831364000058,50.495754575000035],[6.984488721000049,50.49594017300006],[6.984131802000037,50.49604011000008],[6.983617839000034,50.49618287800006],[6.982889724000074,50.49645413700006],[6.981961734000039,50.49675394900004],[6.981504877000021,50.49685388600005],[6.981233619000022,50.49698237700005],[6.980878451000024,50.497386130000045],[6.980823409000039,50.49767089800009],[6.980819352000026,50.49776601700006],[6.980777253000043,50.497878325000045],[6.980660336000028,50.49799528400007],[6.980533752000042,50.49829490400003],[6.980344600000023,50.498403300000064],[6.979824500000062,50.498865],[6.979507100000035,50.499351200000035],[6.979475595000054,50.49948668900004],[6.979428900000074,50.49968750000004],[6.979452300000048,50.500399],[6.97937366900004,50.500658515000055],[6.979242900000031,50.50109010000006],[6.978877500000067,50.50167490000007],[6.978879,50.50199280000004],[6.978778,50.50250730000005],[6.978804,50.502801],[6.978681100000074,50.50291980000003],[6.978649135000069,50.50295073600006],[6.978535200000067,50.50292440000004],[6.978435300000058,50.50296670000006],[6.978257500000041,50.50310720000004],[6.978380488000028,50.50365850400004],[6.978591600000073,50.504604800000045],[6.978600077000068,50.50465462300007],[6.978852800000027,50.50614],[6.978838,50.50628870000003],[6.97872140000004,50.50677510000003],[6.978672243000061,50.506918374000065],[6.978648298000053,50.50698816400007],[6.97856450000006,50.507232400000085],[6.978515,50.50729990000008],[6.978440900000067,50.50772650000005],[6.978427700000054,50.507767400000034],[6.978327843000046,50.507775465000066],[6.97827170000005,50.50778],[6.978176900000052,50.50774190000004],[6.978216,50.507640200000026],[6.978225700000053,50.507510400000065],[6.978219,50.507367],[6.978179400000045,50.50724040000006],[6.977980200000047,50.50685440000006],[6.977863378000052,50.50650773400009],[6.977539792000074,50.50657099600005],[6.977501355000073,50.50668455600004],[6.977572345000056,50.50685713200005],[6.977589231000024,50.50698593200007],[6.977649645000043,50.507144046000064],[6.977828542000054,50.50741130700004],[6.977831803000071,50.50759698500008],[6.977715667000041,50.50769491600005],[6.977579900000022,50.507728253000046],[6.977513388000034,50.50771281900006],[6.977395821000073,50.50758226900007],[6.977049500000022,50.507457],[6.976927500000045,50.50761870000007],[6.976502,50.507885],[6.976429200000041,50.507969],[6.976039300000025,50.50815660000006],[6.975815600000033,50.508199700000034],[6.975967769000023,50.50851410200004],[6.97596197200005,50.50864964800007],[6.975739,50.50888760000004],[6.975752262000071,50.50910291300005],[6.975936342000068,50.509248900000046],[6.975953835000041,50.50936343200004],[6.975902983000026,50.50950533300005],[6.975536629000032,50.509955833000056],[6.975678114000061,50.510051145000034],[6.97591529600004,50.51015218600003],[6.975732100000073,50.51044630000007],[6.975741600000048,50.51054920000007],[6.975824300000056,50.510616500000026],[6.975974,50.51069060000003],[6.976198200000056,50.51094430000006],[6.976304160000041,50.511139342000035],[6.976338200000043,50.511202],[6.976578200000063,50.51137070000004],[6.976999400000068,50.51154490000005],[6.977287100000068,50.511589400000055],[6.977360839000028,50.51158741000006],[6.977579800000057,50.511581500000034],[6.978548,50.51141650000005],[6.979693300000064,50.511299500000064],[6.979935400000045,50.51129590000005],[6.980204700000058,50.51132720000003],[6.980244769000024,50.51133675300008],[6.981037300000025,50.51152570000005],[6.981394870000032,50.511659644000076],[6.981495001000042,50.51169715300006],[6.981653700000039,50.51175660000006],[6.982572100000026,50.512276400000076],[6.982681520000028,50.51234752200003],[6.982794124000065,50.51234503900008],[6.983093616000074,50.51241091400005],[6.983365899000034,50.512458467000044],[6.983527517000027,50.512475546000076],[6.983659479000039,50.51246108200007],[6.98389310500005,50.512435475000075],[6.983994709000059,50.51241581700003],[6.98411823300006,50.512407248000045],[6.984226111000055,50.51243773700002],[6.984286200000042,50.512383800000066],[6.984496700000022,50.51224140000005],[6.984633300000041,50.512087100000024],[6.984644657000047,50.51205583300003],[6.984697700000027,50.51190980000007],[6.985009622000063,50.511510502000085],[6.985090097000068,50.511407482000045],[6.985104300000046,50.511389300000076],[6.985317482000028,50.51124289900008],[6.98541810000006,50.51117380000005],[6.985483845000033,50.51113510000005],[6.985708600000066,50.51100280000003],[6.985902100000032,50.51094370000004],[6.986129700000049,50.51090990000006],[6.986323100000051,50.51091960000008],[6.986463500000069,50.51094850000005],[6.986617100000047,50.51101970000008],[6.986734700000056,50.51109690000004],[6.98680474500003,50.51113443000003],[6.986861800000042,50.511165],[6.987014528000032,50.51127226400006],[6.987068400000056,50.51131010000006],[6.987153509000052,50.51140795800006],[6.987167200000044,50.51142370000008],[6.98733070000003,50.51152770000004],[6.987672779000037,50.51180247600007],[6.987705800000071,50.511829],[6.987969400000053,50.51209430000006],[6.988234900000065,50.51240550000006],[6.988271084000076,50.51246685600006],[6.988391093000075,50.51247939700005],[6.988460176000046,50.512566262000064],[6.988538780000056,50.51269255700003],[6.988655937000034,50.51275736400003],[6.988869356000065,50.512710764000076],[6.989006191000044,50.51265244500007],[6.989086327000051,50.512610994000056],[6.989168585000074,50.51251960500008],[6.989239048000059,50.51244229100006],[6.989310572000021,50.51234000800008],[6.989381187000049,50.51225912600005],[6.989435322000078,50.51217082100004],[6.989488850000043,50.512096783000054],[6.989547518000052,50.512033544000076],[6.989597271000036,50.51191660600006],[6.989670158000023,50.511782219000054],[6.989695564000045,50.51171126500003],[6.989671383000029,50.51162160700006],[6.989602602000047,50.51152760900004],[6.989489827000057,50.51141500200004],[6.989472604000071,50.51129333700004],[6.989435444000037,50.51098213800003]]]},"properties":{"event_type":"5-Flood","obj_desc":"Riverine flood","det_method":"Photo-interpretation","notation":"Flood trace","dmg_src_id":4,"area":151.767639143,"evidence_source":"Copernicus EMS agency interpretation","evidence_layer":"observedEventA","source_product_id":"EMSR517_AOI15_GRA_PRODUCT_r1_RTP01_v1","observed_at":"2021-07-18T10:50:00Z","available_at":null,"product_metadata_date":"2021-07-19","timestamp_precision_note":"Product map scene time; individual feature observation times are not provided."}},{"type":"Feature","id":"cems-flood-73","geometry":{"type":"Polygon","coordinates":[[[6.980349475000025,50.51151732300008],[6.980093221000061,50.511487888000026],[6.979744877000029,50.51151753800008],[6.97938972000003,50.511575625000035],[6.979221750000022,50.511576278000064],[6.979020827000057,50.51156208100008],[6.978629634000072,50.51161375300006],[6.978469961000029,50.51163484400007],[6.979094829000076,50.51171720700006],[6.979828049000048,50.51185130400006],[6.980435162000049,50.512054601000045],[6.980940067000062,50.51229181800006],[6.981686245000048,50.51264744500003],[6.98278214100003,50.51287060000004],[6.982728500000065,50.51280460000004],[6.982640500000059,50.51270630000005],[6.982600320000074,50.512665352000056],[6.982546400000046,50.51261040000003],[6.982446300000049,50.51251690000004],[6.982340400000055,50.51242610000003],[6.98222880000003,50.51233810000008],[6.982111800000041,50.512253],[6.981963521000068,50.51214156700007],[6.980830056000059,50.511668447000034],[6.980349475000025,50.51151732300008]]]},"properties":{"event_type":"5-Flood","obj_desc":"Riverine flood","det_method":"Photo-interpretation","notation":"Flood trace","dmg_src_id":4,"area":1.2923198403,"evidence_source":"Copernicus EMS agency interpretation","evidence_layer":"observedEventA","source_product_id":"EMSR517_AOI15_GRA_PRODUCT_r1_RTP01_v1","observed_at":"2021-07-18T10:50:00Z","available_at":null,"product_metadata_date":"2021-07-19","timestamp_precision_note":"Product map scene time; individual feature observation times are not provided."}},{"type":"Feature","id":"cems-flood-74","geometry":{"type":"Polygon","coordinates":[[[6.940210664000062,50.44939303800004],[6.940086932000042,50.449212199000044],[6.939967959000058,50.449055154000064],[6.939672906000055,50.44875058300005],[6.939440710000042,50.44857256600005],[6.939134172000023,50.44815655100007],[6.938891467000076,50.44772824800003],[6.938548825000056,50.44721428400003],[6.937849263000032,50.44665749100005],[6.936965780000036,50.44605655200007],[6.936807509000062,50.44609658100006],[6.936689892000061,50.44623014300004],[6.93659120500007,50.44644257300007],[6.936469551000074,50.44666887500006],[6.936328967000066,50.446816308000045],[6.936248278000051,50.44687199100008],[6.935944764000055,50.44690944200005],[6.935606492000034,50.44697483300007],[6.935379320000038,50.44705647400008],[6.934870665000063,50.44718309300003],[6.934764770000072,50.447197438000046],[6.934821161000059,50.44732778500003],[6.934899683000026,50.447349200000076],[6.934971067000049,50.447363477000074],[6.935113835000038,50.44732778500003],[6.935270879000029,50.44726353900007],[6.935413647000074,50.44722784700008],[6.935534999000026,50.44719215500004],[6.935706321000055,50.44722070900008],[6.935749151000038,50.44727781600005],[6.935727736000048,50.44734206100003],[6.935684905000073,50.44739203000006],[6.935542138000073,50.447441999000034],[6.935399370000027,50.44751338300006],[6.935199495000063,50.44758476700008],[6.935028174000024,50.447620458000074],[6.934906822000073,50.447649012000056],[6.934799746000067,50.44769898100003],[6.934628425000029,50.44779891800004],[6.93466372100005,50.44789702900004],[6.934872929000051,50.44788862100006],[6.935133620000045,50.44789324900006],[6.935485345000075,50.447947087000045],[6.935689657000069,50.447962612000026],[6.935879487000022,50.44788268800005],[6.936035180000033,50.44773076400003],[6.936161597000023,50.44768013200007],[6.93623731200006,50.44767597200007],[6.936407078000058,50.44774926100007],[6.936530181000022,50.44791803000004],[6.936696734000066,50.447944782000036],[6.936976047000029,50.44794973600005],[6.937122428000067,50.448011827000066],[6.937283293000065,50.44816936500007],[6.937222259000066,50.44828727300006],[6.937045443000045,50.44841534900007],[6.936876676000054,50.44842400300007],[6.936786528000026,50.44836521700006],[6.936700251000048,50.44829229400005],[6.93656928400003,50.448218577000034],[6.936391764000064,50.44818687000003],[6.936200899000029,50.448204902000036],[6.936030827000025,50.448259],[6.935906998000064,50.44827822100006],[6.935739720000071,50.44826811300004],[6.93536068000003,50.448242348000065],[6.935191539000073,50.44827504300009],[6.934964464000075,50.448354305000066],[6.934866181000075,50.44847154900003],[6.934678418000034,50.44850391300008],[6.934509793000075,50.448524716000065],[6.934636991000048,50.44879900500007],[6.934865419000062,50.44897032700004],[6.935222338000074,50.44924158500004],[6.935907623000048,50.44969844200005],[6.936036200000047,50.45001966200004],[6.936286662000042,50.44991701500005],[6.936556365000058,50.44988610300003],[6.936761513000022,50.44979693000004],[6.937033077000024,50.44972321300002],[6.937246294000033,50.44970557600004],[6.937424130000068,50.44973014700008],[6.937719284000024,50.449885307000045],[6.937975028000039,50.45017541500005],[6.938229844000034,50.450486924000074],[6.938528427000052,50.45082062600005],[6.938837527000032,50.451035782000076],[6.938992349000046,50.45111976000004],[6.939149556000074,50.45123320500005],[6.939342925000062,50.45141511500003],[6.939886880000075,50.451892377000036],[6.940553599000054,50.452375379000046],[6.941223739000066,50.452779906000046],[6.941506668000044,50.45295982700003],[6.941645985000036,50.45318898100004],[6.941894285000045,50.453136259000075],[6.942088574000024,50.45303974500006],[6.942303042000048,50.45299356400006],[6.942493614000057,50.452982656000074],[6.942697527000064,50.45292200800003],[6.94224650700005,50.45229681300003],[6.941473992000056,50.451304942000036],[6.941433707000044,50.45113956200004],[6.94134804600003,50.45099203600006],[6.940900708000073,50.450420965000035],[6.940624690000051,50.45003549200004],[6.940434333000042,50.44982610000005],[6.940210664000062,50.44939303800004]]]},"properties":{"event_type":"5-Flood","obj_desc":"Riverine flood","det_method":"Photo-interpretation","notation":"Flood trace","dmg_src_id":4,"area":15.3426380071,"evidence_source":"Copernicus EMS agency interpretation","evidence_layer":"observedEventA","source_product_id":"EMSR517_AOI15_GRA_PRODUCT_r1_RTP01_v1","observed_at":"2021-07-18T10:50:00Z","available_at":null,"product_metadata_date":"2021-07-19","timestamp_precision_note":"Product map scene time; individual feature observation times are not provided."}},{"type":"Feature","id":"cems-flood-75","geometry":{"type":"Polygon","coordinates":[[[6.930963725000026,50.44498613500008],[6.931122308000057,50.44493898000007],[6.931194317000062,50.44482603100005],[6.931200228000022,50.44469048800005],[6.931154327000059,50.44446121200008],[6.931150623000064,50.44428980100009],[6.93119129400003,50.44412631900008],[6.930937821000043,50.44407569600003],[6.930695116000038,50.44407569600003],[6.93040958100005,50.44408521400004],[6.930214465000063,50.44407093700005],[6.930066939000027,50.44403762500008],[6.929967001000022,50.44403762500008],[6.929690984000048,50.44403762500008],[6.929467314000021,50.44403762500008],[6.929291234000062,50.444042384000056],[6.929096118000075,50.444123285000046],[6.928991422000024,50.44422798200004],[6.92885341300007,50.444247017000066],[6.928715405000048,50.44421370500004],[6.928615467000043,50.44414232100007],[6.928467941000066,50.44409949100003],[6.928306137000049,50.444123285000046],[6.92816337000005,50.44416135700004],[6.927844522000044,50.44416135700004],[6.927763620000064,50.44409949100003],[6.927606576000074,50.44403286600004],[6.927225862000058,50.44403762500008],[6.926878461000058,50.44401858900005],[6.926335944000073,50.44403286600004],[6.926074203000042,50.44403286600004],[6.925726802000043,50.44399479400004],[6.925298499000064,50.44387106200003],[6.924170634000063,50.443480831000045],[6.923927929000059,50.443385652000075],[6.922976145000064,50.44294783200007],[6.922367003000033,50.442481457000035],[6.921986289000074,50.442311405000055],[6.921913791000065,50.44230850500003],[6.921516449000024,50.442541189000046],[6.921438432000059,50.44262070800005],[6.921309741000072,50.442666004000046],[6.921005951000041,50.44257790500006],[6.920953603000044,50.44255411000006],[6.920877460000042,50.44249224400005],[6.920863183000051,50.442416101000056],[6.920882219000021,50.44230664600007],[6.920934567000074,50.44224002100003],[6.920967880000035,50.44216863700006],[6.920996433000028,50.442106771000056],[6.921024987000068,50.442044905000046],[6.921029746000046,50.441968763000034],[6.921015469000054,50.44191641500004],[6.920982156000036,50.441868825000036],[6.92086794200003,50.44180220000004],[6.920791800000075,50.44176888800006],[6.92070613900006,50.44174985200004],[6.920615719000069,50.44176888800006],[6.920534818000021,50.44185454900002],[6.920477711000046,50.44197828000006],[6.920425363000049,50.44208297700004],[6.92025815300002,50.442187587000035],[6.920157802000062,50.442250368000025],[6.919128526000065,50.44156403800008],[6.918793052000069,50.44143100400004],[6.918331437000064,50.44129299600007],[6.917926928000043,50.441212094000036],[6.916994180000074,50.44111215700008],[6.91651599100004,50.440956659000044],[6.916385121000076,50.44079009700005],[6.916301840000074,50.44056999600008],[6.916218559000073,50.440480767000054],[6.916135278000069,50.44046886900003],[6.916057945000034,50.440498613000045],[6.915962767000052,50.44062353400006],[6.915891383000031,50.44068302100004],[6.915825948000077,50.44077225100006],[6.915677231000075,50.440867429000036],[6.915492823000022,50.44090907000003],[6.915361953000058,50.44098640200008],[6.915195391000054,50.44102209400006],[6.915034777000074,50.44108752900007],[6.914529058000028,50.44127871900008],[6.914291112000058,50.441354862000026],[6.913797374000069,50.441570203000026],[6.913321482000071,50.441760560000034],[6.913131125000064,50.44185573800007],[6.912863435000077,50.441986609000026],[6.912756360000061,50.442004455000074],[6.912655233000066,50.44199850600006],[6.912548157000061,50.44195686500006],[6.912494619000029,50.44190927600004],[6.91248048500006,50.44190362200004],[6.911966779000068,50.442057039000076],[6.91152915600003,50.44218773000006],[6.911471451000068,50.44220076000005],[6.911304889000064,50.44224240100005],[6.911162121000075,50.442200760000055],[6.911132378000048,50.44212342800006],[6.911132378000048,50.442022301000065],[6.911114532000056,50.44189737900007],[6.911090737000053,50.441748663000055],[6.911078840000074,50.441570203000026],[6.911090737000053,50.44142743500004],[6.911096686000065,50.44135605100007],[6.911078840000073,50.44121923200004],[6.911013405000062,50.441124054000056],[6.910936072000026,50.441028876000075],[6.910852791000025,50.44093369700005],[6.910751664000031,50.440850416000046],[6.910674331000052,50.44077308300007],[6.910507769000048,50.44063031600007],[6.910281720000057,50.44060057300004],[6.909942647000037,50.440576778000036],[6.909508055000058,50.440511332000035],[6.91002787800005,50.44255708600008],[6.910359053000036,50.44264096000006],[6.91073381800004,50.44267070400007],[6.911358426000049,50.44274208700006],[6.911732993000044,50.44277413100008],[6.912142260000052,50.44288834500003],[6.912427796000031,50.443002559000035],[6.913189223000074,50.44328809400008],[6.913455723000028,50.44325954100003],[6.913703187000068,50.443250023000076],[6.913969687000076,50.443297612000045],[6.914121972000032,50.44337375500004],[6.914321847000054,50.44345941600005],[6.914674007000031,50.44354507600008],[6.914959542000076,50.443611701000066],[6.915368810000075,50.44372591500007],[6.915844702000072,50.44378302200005],[6.91632059400007,50.44385916500005],[6.916767933000075,50.44390675400007],[6.916872629000068,50.44387820100008],[6.917062986000076,50.44392579000004],[6.917243825000072,50.44403048600003],[6.917510325000023,50.44412566500006],[6.918595359000051,50.444335057000046],[6.91878571600006,50.44433505700005],[6.919061733000034,50.44429698600004],[6.91927112600007,50.44424939700008],[6.919404375000056,50.44420180700008],[6.919480518000057,50.444097111000076],[6.919594732000065,50.44403048600003],[6.919680393000021,50.444020968000075],[6.919880268000042,50.444040004000044],[6.919956410000054,50.44412566500006],[6.919956410000054,50.444239879000065],[6.920061107000038,50.44441120000004],[6.920232428000077,50.44456348600005],[6.92047989200006,50.44467770000006],[6.920679767000024,50.44467770000006],[6.920889159000069,50.44467770000006],[6.921041445000071,50.444696735000036],[6.921193730000027,50.44498227100007],[6.921374569000021,50.44514407400004],[6.921536373000038,50.44521069900003],[6.921869497000046,50.445296360000036],[6.922278764000055,50.44539153800008],[6.922564300000033,50.44543912700004],[6.922973567000042,50.44549623400007],[6.923658852000074,50.44549623400007],[6.924210887000072,50.44545578300005],[6.924912828000061,50.445241632000034],[6.925698050000051,50.44503937800005],[6.926007380000044,50.44501558300004],[6.926447580000058,50.445063172000054],[6.926804499000071,50.44515835100003],[6.927244699000028,50.44534870800004],[6.927494543000023,50.44549147500004],[6.927708694000047,50.44561044800008],[6.927946640000074,50.44572942100006],[6.928184587000032,50.44581270300006],[6.928470122000022,50.445872189000056],[6.928743760000032,50.44595547000006],[6.92920775500005,50.44596736800003],[6.93000931000006,50.44610431500007],[6.930094987000076,50.445934495000074],[6.93013815300003,50.445713942000054],[6.930298642000025,50.44536696900008],[6.930495100000029,50.44522053700007],[6.930680385000073,50.445073907000044],[6.930963725000026,50.44498613500008]]]},"properties":{"event_type":"5-Flood","obj_desc":"Riverine flood","det_method":"Photo-interpretation","notation":"Flood trace","dmg_src_id":4,"area":33.833320796,"evidence_source":"Copernicus EMS agency interpretation","evidence_layer":"observedEventA","source_product_id":"EMSR517_AOI15_GRA_PRODUCT_r1_RTP01_v1","observed_at":"2021-07-18T10:50:00Z","available_at":null,"product_metadata_date":"2021-07-19","timestamp_precision_note":"Product map scene time; individual feature observation times are not provided."}},{"type":"Feature","id":"cems-flood-76","geometry":{"type":"Polygon","coordinates":[[[7.014926200000048,50.51466170000003],[7.015015600000027,50.51426010000006],[7.015069,50.51402050000007],[7.015379300000063,50.51351690000007],[7.015376003000029,50.513386985000075],[7.015294960000062,50.51333219400004],[7.015241562000028,50.513270600000055],[7.015194206000047,50.51319840000008],[7.015107035000028,50.51300772400003],[7.014937482000049,50.51251222600007],[7.01480801200006,50.51239579000002],[7.014656614000047,50.51226827100004],[7.014489783000045,50.51210836200005],[7.014319659000023,50.51202692800007],[7.01390609200007,50.51187708600002],[7.013640122000027,50.51181186300005],[7.013424650000048,50.51174393300005],[7.013131300000055,50.511713300000046],[7.013050600000041,50.51165380000003],[7.012842900000066,50.51160670000007],[7.01262196700003,50.51159943700002],[7.012614100000063,50.51165042000008],[7.012549637000064,50.511763547000044],[7.012726649000058,50.511939545000075],[7.012765110000032,50.51209012500004],[7.01282844800005,50.51244816800005],[7.012987053000075,50.51272291300006],[7.013375713000073,50.51271051000004],[7.013644233000036,50.51271509400004],[7.013942189000033,50.512729698000044],[7.014101893000032,50.51283713100002],[7.014230564000059,50.51297259300003],[7.014238297000077,50.513144066000045],[7.01418396300005,50.513371594000034],[7.013949413000034,50.51362460400003],[7.013891084000023,50.513947254000065],[7.013836747000028,50.514174782000055],[7.013562229000057,50.51431288100008],[7.013627867000025,50.514475077000036],[7.013689309000029,50.51461177100003],[7.013738664000072,50.51476967700006],[7.013844862000042,50.514907134000055],[7.014082865000034,50.51506900500004],[7.014309637000053,50.51500148200006],[7.014666483000043,50.51503612700003],[7.014802978000034,50.51511385500004],[7.014799600000061,50.51509260000006],[7.014926200000048,50.51466170000003]]]},"properties":{"event_type":"5-Flood","obj_desc":"Riverine flood","det_method":"Photo-interpretation","notation":"Flood trace","dmg_src_id":4,"area":3.4933663094,"evidence_source":"Copernicus EMS agency interpretation","evidence_layer":"observedEventA","source_product_id":"EMSR517_AOI15_GRA_PRODUCT_r1_RTP01_v1","observed_at":"2021-07-18T10:50:00Z","available_at":null,"product_metadata_date":"2021-07-19","timestamp_precision_note":"Product map scene time; individual feature observation times are not provided."}}]}
